tier,summonerId,summonerName,leaguePoints,wins,losses,veteran,inactive,freshBlood,hotStreak
GRANDMASTER,gbh5O-4ndlsW45boW6tfTxEAkZDdNRmzLXGzorq8q8djDeQ,신상공원,600,413,379,True,False,False,False
GRANDMASTER,mfJMt8ugqklbkPwh1RLBJ_8yWpUtWp1EgUG6AmfaV9df5go,뽀송뽀숑비숑,679,218,172,False,False,False,True
GRANDMASTER,OkoO46RkSBtopTlY27u1QyvR4qIB51zUddI2Lisup8cFVPKPtU8ztaQBOA,mobanche,497,508,452,False,False,True,False
GRANDMASTER,G0acuMXjXRnXvqhjg7htahtCphAOi01QIvsjSJQNBwQub6_BZROu8UrEwg,   Lay   waste,460,402,372,False,False,True,True
GRANDMASTER,A0wBXV9uQCWm741NfwU61lSTiHKPs7GuZiE7O1lkX484-us,진쏘킴,577,543,493,False,False,False,False
GRANDMASTER,gWO1T7A_Ua5n_xkP8QQtrT2F2s5aAUPBDGTBgIYUSMYRyw,BJ영만,553,771,738,False,False,False,True
GRANDMASTER,vylofU9bRmDyuO2-uhzaFPNv833cfZQn7z72FXHHncMcdsjalJoUNhxCsg,Perfect is sh11t,415,948,906,False,False,True,False
GRANDMASTER,DOt1crp7aH4A5Vp4hBM-di81eeyLcv08bOTvdjDptfZWCroOAJGcbBBTSA,zhenli,425,192,151,False,False,True,False
GRANDMASTER,d27SKbFCB7tj4aGzB-daHLGwzH9XqrUjY_relAJj2Mbqv4KrQ11LE-0bIA,내가 승현인데용,500,161,133,False,False,False,True
GRANDMASTER,CY762P8oghCySNjTTtiol7wph7ieoCScxFqthNqUA-5A_s8,쿠자니,694,355,317,False,False,False,False
GRANDMASTER,3l8jksE0wM0E2iD-W1TpShAMadRuFg3wvRjwJL_k-Ggl9zrWrJYYL1pZYw,항상행복하고싶어,529,344,263,True,False,False,True
GRANDMASTER,tJkSnpYAgzJHIBy0yK9qalHv02TsRnTjOR4ktgNAkofKstE,승지부기,603,218,172,False,False,False,True
GRANDMASTER,_0FPxmQpb4qnAUy7mCZpyPrwzdn0xQj_hCBmSAhuF7M8Mik,Envyyzz,591,166,128,False,False,True,False
GRANDMASTER,rzpgPv6LAaX1_ImYnIYT16mNZ6QgDuVdOQawDL3r0hJ2U48,기 정 fan,592,358,320,True,False,False,False
GRANDMASTER,KYwsCTvT-UNAmx1hqdHjUxOucd0b8ZQx42wZDY6I_UwXgtX2CPBNSWguHA,그래서니티어뭐임,436,163,134,False,False,False,False
GRANDMASTER,6819t8rUmNaFVvBlF-B56qIXqf1mJujFjwzgM_DG5VbWQQs,depart,462,202,174,False,False,False,False
GRANDMASTER,81H5rZyKWu6fyPBZtnpQHcfY4ZeuH6Y5LM1jDiL14a0iRs4,가혹한현실,674,554,518,False,False,True,False
GRANDMASTER,82fPhrDlIuaYn8jlVILg8wVL5136Y2_RlZQQYKl7k3ARMZY,BRO Jeong Hoon,731,259,205,False,False,True,False
GRANDMASTER,GWmNyMq-IIvYt0QYIYVK_25P7Mx0P8cTBJiYKcAa16_ZjyUyJ2XWyRm0cQ,1128321,682,1273,1197,False,False,True,False
GRANDMASTER,gUvHusO3gAQXF_T5uZPTSP0qmGsGsmvNoPhyCXQqZKXi8oI,매일매일바쁜하루,418,595,571,False,False,False,False
GRANDMASTER,Nry3IebZdVfWUshoNW-ratujoUE5nSzPYjI1lONRSyTrJWs,OOO0OOO0OO,597,881,831,False,False,True,False
GRANDMASTER,EO4iIQhjLxbF3W3uiz9YJBPFR6cvpp7wFk9PD595XoY4HvPFafMcLv8WEw,ningningbaby,408,217,171,False,False,True,False
GRANDMASTER,RqNPS4fEcCiShKbEveZeXbA4s4tsMncoxB-wWw3SXcmtjFI,희포리,625,451,403,False,False,False,True
GRANDMASTER,xIVewLTz-dwsECAAnZ3AlO3iTBsCCaty-MY0_3iXcnuV3xQewK9YbakbZQ,징징이는징징징징,681,457,389,True,False,False,False
GRANDMASTER,GxgBZYolDh9vEdNx987NBldyVzlsbTwR_7zlaXl56dV2dVg,이니쉬,434,454,442,False,False,True,True
GRANDMASTER,5LwAT0VA4LjfLqJgePJNVKg8YoJVg1sbXHF7ucYAKL79lec,Square0ne,427,872,835,False,False,True,True
GRANDMASTER,K5TvNIlcUaMcb9s1UONT9LExo9jq9E6TwcS92cER2uLOcEQ,EDBDE,538,289,253,False,False,False,False
GRANDMASTER,EQcOTJNK67Q2WnuIQRlKEgXffdj6fsaBIjBw28F3pz7nUw,Iove doeui,570,577,536,False,False,False,False
GRANDMASTER,NZjfcUfGutXZLg9pJZqWTc_EwPtE6C2cl9GlmjfMzBY1bzY,끝나지 않은 싸움,517,668,618,False,False,False,False
GRANDMASTER,gQ3tl5EpipZBrsteWvKrcHllK2nzxNA6qg8So6E788g-Bg,Pulsive,421,483,430,False,False,True,False
GRANDMASTER,kX_RsLoJ1QyaV7TXvkPI9tVmXMsTgF2hZh2AZ3ehHaI2NEw,셋하면뛰어낙하,434,227,176,False,False,True,False
GRANDMASTER,CIeq5MDs3Q96ex0qdiP_P7zQg-RHW44PZeR-pWpwHZDhXsU,맞라인탈주시킴,452,110,76,False,False,True,True
GRANDMASTER,g2ZxXAg8zLMNVRLR4SH7XV4lRpgjNdYznEXGJdR1JC8_j9s,오늘은 뛰지말자,447,937,824,False,False,True,False
GRANDMASTER,xvixE1DTVhDAqQhpQ1U7aOtB2wKgavboQv8naSiW9COOYKE,yyzx,465,489,453,True,False,False,False
GRANDMASTER,wxTxfSb4PKSU_w9qE6IMxpEu6DgZ9btIDt1KmDMr8qmagSTyHZNg-xADlw,xiaoqiupup,663,687,622,False,False,False,False
GRANDMASTER,-kY091ZlX6qkD7FSDsJ-joterM2jCzeJ2edvG2MMpV6WNh4,PoThom,453,196,152,False,False,False,False
GRANDMASTER,FClCQgvXXvq3nyXnk3NLIgfuuuSyrAF14AslyuYfSOod65dopORPw_fH6Q,가면 속 정체,492,122,92,True,False,False,False
GRANDMASTER,iNRzfG3dJl9tuCmoiCEFSU2JWEiGadB2sbMsBXlFW0Ewbck,파나경,644,1006,957,True,False,False,False
GRANDMASTER,iuoRU86f5fdXzmB8--JnKxiKAXcb8ppzTdQH5v9qWNENHLuOIYTtdANMhg,FA Azhi,449,787,749,False,False,False,False
GRANDMASTER,GKVDSBErV5yXj1HbbcsGjrYPOnzkLG6Nd8B6OfH63SWY-KmrnT1m1YsmwA,IndifferenToT,612,813,773,False,False,False,False
GRANDMASTER,4zsIJPZf1hoJSiXsTJxkY2QmPgxmhwEnkXpGTZgLXLJREiMvfmkVUJoUqQ,easy for u,627,138,75,False,False,False,False
GRANDMASTER,W5YdPXIMNQH1CTXqdmACfihhV4LWWH_sYTFeuV6ASYgwUM1_ElhTcUEabg,Asaka1,554,477,392,False,False,False,False
GRANDMASTER,B3FqdU7wOh1-WcfjWb59T0gjpGPR7t2oid6FNM0z0ZlxPWjit9OcoD0nwQ,nxzdwss,711,361,287,False,False,True,False
GRANDMASTER,012F0J16ZomddrS9f2ccPqPnhFCGQG-FIvTaa07Yh0sWaYs,7777케이,471,1239,1221,False,False,True,False
GRANDMASTER,BbZ7SCSk5-sY_GiM28b4AwdhKkn9zD1z_IYAGq8TzUG7_Cs,AKASD,552,870,823,False,False,False,False
GRANDMASTER,lIW6ACSv1O132qq_Os43Kd-cxMp4kqXaKQlam9NFY1SknAQ,죽고다시태어나다,451,717,686,False,False,False,False
GRANDMASTER,agiY1m9-JyOyK8wckFefVH1i9w5vB6vHAEZhSUVQYhlctp1RjJUhw3Bdhw,Arshunnnn,458,641,586,True,False,False,False
GRANDMASTER,ZEL8KCOts6oyTut076ooN_VZxYuikZtjRgQ83tB_jn1z566-0aS3r7wsbw,gyuvee,699,288,238,False,False,True,False
GRANDMASTER,QHWm33Osypmju9Ztygd4bCP4Zhyp3HF4sNSSLEUoGZH7404XiMH6ZRcjWQ,Kill My Young1,429,317,278,False,False,True,False
GRANDMASTER,V8WsmvD6aVcOotoUxPGxe071PwhWLj1S4JsY6sPmM5nVpNE,thx u next,540,470,422,False,False,False,False
GRANDMASTER,lfW9dIb9OxPicvN54t6TmIOkGK94OuZsQgKLesjKI_tB-40,NS FIESTA,482,617,592,False,False,True,True
GRANDMASTER,RXH05B98wZwOrcisHbur7Go6O0kZHQM7XiNJY54YeLVnThw,갓누붕이,421,387,351,True,False,False,False
GRANDMASTER,s8MYByqakt20fC1lckiadJEmWrtxnQMdMEZQoyahGDuyb86P3Vxgngc5OA,littlehamburger2,440,1059,1032,False,False,True,False
GRANDMASTER,VIYdpYU6Ei6sENg_cFzNAEJkcD0M-dqkJACRe0iktImlb5Q,FA 0neZang,436,676,644,False,False,True,False
GRANDMASTER,l0puQNleubQYtDk8fKwu4zoFTF6b0-p0noc-BfscTPZ70Pg,heeseong,752,350,307,False,False,True,False
GRANDMASTER,I-BbvVb3eRMAnUeP8IMHb7njys0slF1pUjn_LTzoSYyupLk,한 여름의 서리,485,306,261,False,False,False,False
GRANDMASTER,IBd7BLoVk5XU4D8jW8A5PT7yzez7RocJmmZm8c2Jl-qqR1M,Wanna be Tarzan,527,428,350,False,False,False,False
GRANDMASTER,w_0_C_XRwHDpoHjiyBI1OoXb6VIpgx2AKdcU6L9qYXv4G2vj0ARUFS-jaA,99pw 9844544,650,214,163,False,False,False,True
GRANDMASTER,Cz2PIMk2IkDpC9r9FMNlgWnjCvVxXyeqql-uyKtWqO-HTAQtYRjqliyWcQ,aoeiuU,708,339,255,False,False,True,False
GRANDMASTER,sm89Hxcs7bmVosiyYnOpwpcJKW3U2CiSrDcZ5j-IsJbJvhw,김규남 fan,590,729,665,True,False,False,False
GRANDMASTER,yEwHIaHRZz_EbYOlNFzbQ2W00CuPaN7s1PtKgjIEROmSBRM,니제사밥꼭꼭묵으,432,160,131,False,False,True,True
GRANDMASTER,7N5C6wjykxtKdNbTQNZAMMeTHz-ulI_xurcyOQAkOvHGros,레고 삼키기,627,454,415,False,False,False,False
GRANDMASTER,hnfPNhuU_D48yHQi-KPqV6_tXfORYu0ocoHwWqHnTGll1GSIpHTfURqkNA,DK Canyon,420,179,140,False,False,True,True
GRANDMASTER,hnaQvUNOaagGCsKO2fYdX0v9jQtynm48aGtXp4z2tR_M8fZG,Guyun,441,363,294,False,False,True,False
GRANDMASTER,ru92SAzQK6hvSFeXFvqZgqV1L-6laAF7Ak0fBHM_yDcLafbVoLAJPV-J6w,Dahuangren1,438,640,581,False,False,False,False
GRANDMASTER,3bdQIddXWJQ0VtN1DHFEov-QtlDgSCbaa5qUvFsi7udXpig,별사탕이좋아요,559,864,830,True,False,False,True
GRANDMASTER,JoU4Kz4ibwbQkpx2JYQtT_RnnhTavlb3itrYb4S6myrx_90,wyzyz,472,552,510,True,False,False,False
GRANDMASTER,TpYGYx0t2bUpPSEas4TYOzy0Si8PhkvjLUCTl5r9OVE503_0z5tfN0ML4w,AASSH,429,601,550,False,False,False,False
GRANDMASTER,uEEHaWsagWjJmtG50mByF-Aa4INwgUWGYRdtkfz4wX1El7c,특수교육 전공,679,402,360,False,False,True,False
GRANDMASTER,cFdLjV-eNqGvqqy4vNX4SSU5PjOVkO_Wne5iR16MLgxdlbo,DoRun,705,665,626,True,False,False,False
GRANDMASTER,L5KjD_9FzHO0yFRlAKSKaV6WIy3HsZBPo7_9mGdyBB_PYzk,Lunaa Rby,534,467,353,False,False,False,False
GRANDMASTER,clHuPIshCL5gf0tF7T6wpCzFfGqX2U3C7fQUeA9sCg62f99n336uCim1sw,Iove galio,400,74,26,False,False,True,False
GRANDMASTER,zJ5rTkedjOL6gkfJRYgKUlq0GqB8YkMbYMR54Fji_DBN-sA, gnij oaix,528,966,931,False,False,True,False
GRANDMASTER,w1k1-xt46x2lgozc_w-RJQpNWTHCAQwm4rCYn1-wiPF6aw8,박박 나나 짜짜,431,391,364,False,False,True,True
GRANDMASTER,X3bZIRCvIpO5AJA3pntqm_-84g4mxmOE1GMfKYd2hPZPdM5fZcdwvs2K3w,슬픔TnT,430,239,191,False,False,True,True
GRANDMASTER,M85fIZZxaU0yFF-COM1QoYDOvTyrQPyyYzna0WLVcQjGSw,SugiKim,520,183,152,False,False,True,True
GRANDMASTER,0jv8zMMVmvu-TKe9cWfCVwDLb3Nf8x7jrkpVDQSCLvx4yw,Graffitiii,623,523,483,False,False,False,True
GRANDMASTER,42jWs8fsOqmv_d3DHYupwXvvATafKMnFjxR-_iACW-XvJ5c,포동포동아기물개,571,664,615,False,False,False,False
GRANDMASTER,1q9hi4eO4k5nmndwnKtImX-6A33bujOQ_Qb-MpVh1iBG7VSO2xP8BSaiDg,kaituan datuan,394,833,795,False,False,True,False
GRANDMASTER,hMmBMni_eYUyQ_NqnAhvu6VmTdYcFTicpL9J9rqqkrd28w,강혜원 fan,426,629,568,False,False,False,False
GRANDMASTER,LApenRbgNba9dmMJRPRmGXgT_nT0uH29XvNiGPlS6rGRAt8LSEM6yyJzEg,zhongjuzhizhan,640,334,275,False,False,True,False
GRANDMASTER,Jxb6sg9_tZ2VtFLyK5QInMYfPVUhrdBjWHEgBy6cApSXWFw7mqrn9M1waQ,zzyz,475,107,60,False,False,False,False
GRANDMASTER,wMoMGkfKMQVCEHrNRkqwNW3jWAsSXCdXp2Fvy5IB18cZ6uU,vdafsdaac,485,210,173,False,False,True,False
GRANDMASTER,KDAVXN5BosmJnI6DQng9FriIztWNkB35BhK00LtDrIdxAQ,BJ갈배,648,1057,1017,False,False,True,False
GRANDMASTER,lVOW9yz2AoM_uf9udmVFOiHFO6nH_t9BLKkM54hA13NzG24,디엔디엔1,578,896,855,False,False,True,False
GRANDMASTER,ezn38sMJ0DW5eT3FxOHgn68_999Z0hI7awCdeknqH1RJ1keUAdOY7Nz8rg,싸움 기피증,674,164,114,False,False,True,False
GRANDMASTER,6JvznXRshSxz791RDXxQ5NYefAs8pPvRw0bio9-pd9ZzrmHclgc1JRQDTQ,2021Marzss,754,543,477,False,False,True,True
GRANDMASTER,YIhMNn0O0lDB0X3Yc0BbTh2_RaHo4Lo8PznFHXfp_p2QqAU,Toby Dreamditch,435,164,133,False,False,False,False
GRANDMASTER,PaYMVFAgsxxdHNcM_HUImThunnMeaOXjmKQBfTebf_-ERgpY376qUGDXlg,cer,580,592,539,False,False,False,False
GRANDMASTER,L7ia04s6WyUl1vPR87fqBD74FZdCXjGNk3VZcNoNwhurZAQ,쉼 없이 나아가라,520,528,496,False,False,False,False
GRANDMASTER,Qe9wYw0zbeuFoGJkv6w5IqnwLjHfYGbs7SgojecbUcbs36E,Gen G Lonely,447,559,532,True,False,False,False
GRANDMASTER,ilpEHnMNQHpBlvUQOTTgPEFd2CNUFVc6qd7N7szxrFnU-DU,Sweet L1fe,561,753,711,False,False,False,False
GRANDMASTER,VFcoRhBANG174YbXVu7W1AZxnv09JlgYx6_LMM7Wz_wO2DI,졸며게임,693,289,246,False,False,True,False
GRANDMASTER,rbOzuXTTCNHtO3kNFTZ2ZA3uVnNZVv8XZ4pJx9vXjfPCmpuv,4초스크류,650,545,498,False,False,False,False
GRANDMASTER,3PCh3aiRvkACBnjdOm978RcmSqE7aBHOFfD2X36d9O2esr0,현주입니다,650,545,463,False,False,False,False
GRANDMASTER,aRlR-s79sKfoJgjFP2NWybQpnbY8yOAawDNY--2jnpzX54E,기므태이,704,409,356,True,False,False,False
GRANDMASTER,tusfraPzTBlC13XpIxUFsHSUEfMHgVpjqu2HDifjcfc96jc,규 보 리,638,538,483,True,False,False,False
GRANDMASTER,otuve_zXG2-rGbj8-1qnD7RQ5w1SOw3UBVLY6CMzDopZCzO7,영성보사행,460,88,69,False,False,True,False
GRANDMASTER,sI0vyG2kSlM3GXrYnndGKhRBk5CvLcB-wxDKo7TMr3sYTpqk3m4n46nr6w,hunzikingzz,449,106,72,False,False,False,False
GRANDMASTER,FfdHtn7r5iSu4EUMGqO4-ke6zSM3ixJg9jdACMGMBqSMkWEjr4I6kdJnwg,leehiiii,612,681,634,False,False,False,True
GRANDMASTER,DxJyj9DgAh8oRspVuGFr-3mpmUWseRQQIVSta1FN_YMvQo4,asdfzxcqwer,610,669,626,False,False,True,False
GRANDMASTER,Zi8sPiq-kYepUbnxi5s1ctLqEZj1pHQBdyXGNCBItTVhEMY,T10 Berserker,488,989,960,True,False,False,True
GRANDMASTER,mtYygg1Hbeut9xQBROZzUXK2JPAdl7iRaI4qEdtdzPQ1CiE,Winsome2,602,331,289,False,False,False,False
GRANDMASTER,1BoWqxcTLFAJUGnlL4J909BglYA6FDIWmIRcC4dgVD52ALVPSqXQgtG1RA,Emma,458,141,107,False,False,False,False
GRANDMASTER,SpOb68n17jkC5hjofVk77GRNo8qqV7l54cdh1Z1-iE-k4g,200판뒤그마계정,421,464,428,False,False,True,False
GRANDMASTER,Rddg6Fd_LXO6chKQOl86QmAQUlbjzjXHFJz00MDVLg2ocAx2LA55Hl54jg,wulaidafa,553,115,61,False,False,False,False
GRANDMASTER,MDHgjO40qxtxGGOXRoS8e6aGeLRAsmfhaMoCJwQqI2QZv0E,좀비 클레드,417,1527,1495,False,False,True,True
GRANDMASTER,SU1QfExMM-RvH55vWQsWcu3reSaJB6jgdAvJ6yeGPE8K0nQ,뽀삐 정글 원챔,418,514,475,False,False,True,False
GRANDMASTER,ArU5Wr4mR-k6wxPyRryd5uqBX_FPgMdTUhB16cSCp1yh0BKTBIoApDKlHw,신비한 뱀,446,165,137,False,False,False,False
GRANDMASTER,RJVJwCacJRJS11nBwsqE91KGSMFfAxpa6MH-SYlPgnNsh8E,커피물조절장인,648,1028,967,True,False,False,True
GRANDMASTER,8xGZ4QzWuR7cVBv32IBZB4fktcQJM3vzLv8Hap3wQ0fqxVOWVORkL2pXgw,날 건들지마날 ,715,191,148,False,False,True,False
GRANDMASTER,uAGMOxAqVw3Nrv5ap5L-eTvdzopvvRSuGEMAH--CZT1MevFOcnbGA5a7Tg,cqpo,694,106,58,False,False,False,False
GRANDMASTER,tJ4tTD7ij63-6El6hkpqVcjRf9U2-66FwXkrEn4USs7EpHI,임기응변하다,473,136,82,False,False,True,False
GRANDMASTER,82WotfrjRPcBy_rQVSuqb26bn2oJDUBYUPQ3whmikamIIOQ,끼릭끼리릭,550,846,839,True,False,False,False
GRANDMASTER,vBAJOJwQAMFrZqbt_HSSnzDdZN97R0EtDEdO_2A0yk_N7jY,Gen G Ophelia,492,724,694,False,False,False,False
GRANDMASTER,P1xkvBDbcoe1uLpJzLghDa_aamWADoDDESuGi_65DTJL2g,FisH95,503,297,258,False,False,False,True
GRANDMASTER,Ii86brfpCZPmMoFPGbmppIjsGdOygDloCqOsQok-Vp6olg,민콩댕,524,194,105,False,False,False,False
GRANDMASTER,qnd3lh_TQoA5M6V6mt37F3WZs7HRHr_8qBgAlazjvxQUVmIa2xHIouODDA,lxcO0O,745,194,131,False,False,True,False
GRANDMASTER,IHSgnOF8MuWXF9O1RnSo74SFhWMKxozIIGHHE6tWO0LH-g,llllIIIIIIIllll,543,233,173,False,False,False,False
GRANDMASTER,VBhuIDZhkIG7-Y2sabSMab2b9BbHgjh__9V8XpdIFVdFtQ,언니우기,425,597,572,False,False,False,False
GRANDMASTER,-42f_SDuZBDhuvqfvUQwPKwuqLmDS8wu2iTkkwBnXuit9tY,의문의제라스장인,694,552,498,False,False,True,False
GRANDMASTER,irnu47_RGgV5C-1roFPOVfGFKqHjk6vznq9tMnYXB6TmiSrQxNi1MXrrng,xintaifangping,698,374,316,True,False,False,False
GRANDMASTER,rcCUZj6xJhZQg0SXivonyykqDXJ4QN-JflrA8ELssuALt-1d9AVORsmeKw,S1hun,725,204,162,False,False,True,False
GRANDMASTER,wgtGModr7A9PRedsfVck0De6Mbu-9EgGNdXYQOFUvQqeow8,그땐 그저 좋았다,423,281,252,False,False,True,False
GRANDMASTER,EA2U_39OOCnj_MnAwetmAcMGwMU0mOZ0qA0G6KBr-yTXAHL5tBFMD2jJTA,GSSG,422,95,62,False,False,True,True
GRANDMASTER,S0dFUOEBbEGp6YoV3lzvec9Dd-11TIGBUgSfbtG-pjEVXg,라 코,454,250,225,False,False,True,True
GRANDMASTER,DMS-7Ya8QQjDi4A6BkPn5X9DXiy2oqTH8qgaEF9NxK-6oS4oTGGGJzLlLA,SugarD,624,167,123,False,False,False,False
GRANDMASTER,sJPpbZbOOPlWp7JyDKoB7SSxQKreRxPNe1YtnabD-s7sdJw8koBfP2dNGQ,Navy Mood,536,133,84,False,False,False,True
GRANDMASTER,rdq2aMwBxELQ-x-6wdOvLkRHzM-Dd1h8-tnh0GLuBmCbig,CHAN SAY,537,602,566,False,False,False,False
GRANDMASTER,YQ783uT2UGZpIM2RuLG_gL3mcWtwIENkjUpVxpG_I5LCMqk,메 피,488,439,398,True,False,False,False
GRANDMASTER,3GwG8N2kXL7_FSACK43AYN3tJuKJRCEmck8dK3VDQN_1qzw,드레이븐원챔3,418,167,135,False,False,False,False
GRANDMASTER,KE_wbpJ7M77eLYzST6G9P4hkbYuLMlDfEhBRx5xWl3A_sRxTOFMJY0K8Kw,Yijinn,404,628,592,False,False,True,False
GRANDMASTER,hLoLaSJYEfb1RVCveCHGlwDd69xQ-Fkat5KlmxGcSR2x2RbqnUFXNU6vAQ,jiaojiao,681,740,655,False,False,True,False
GRANDMASTER,ypzc7M_X1yJ1dUySEJXGPxgMOIRkCf7kGPyCQWNXY1Zer0M,HLE Cheoni,518,426,389,True,False,False,False
GRANDMASTER,ZwIo96WOqySCO7iagUrjeW6YfkXI7hMXeAkZszUKAljfmbA,zaoshangha0,621,821,774,False,False,True,False
GRANDMASTER,s_9hn1LyS0JTHraRR33m-SLzp6aBvU9UH_wf1YbtV34kYR8,아이러니하구만,497,772,733,False,False,False,False
GRANDMASTER,S8Rm6xoCaNfBZfXf3nIgZnEwu5LbsnGiRnsf7qVfr8NozSW7,blue bday,583,276,230,False,False,False,False
GRANDMASTER,3X7oJ7lMQxJuOl3uQuTOOW114mgJleTc4jgUymVVux0Ccis,critique,461,147,107,False,False,True,False
GRANDMASTER,CYyjsPZB3AzM10_dZNPqwxDBGHL15drG-4FNw0f0CBSf_UY-cJCPY15Gow,cxzqweasd,754,259,215,False,False,True,False
GRANDMASTER,4Lw1396XaLK86ItbOxxNP4WztxZ1lKxm2mDCwizh-NWkAwd52OzsQuYTIA,New ID,523,84,42,False,False,False,False
GRANDMASTER,jLq3AkEQRqQfL4iLrFKnW9BdHXIdLirLOqYfUzCnMWWuUyZyW2WJJsjB6Q,Hakunaa Matata,621,486,448,False,False,False,False
GRANDMASTER,0N1kEmQHawpK7CPgWxji3HTwm36kxf802dz3kAemSL2Dg24,gkatjrgs,451,213,186,False,False,True,True
GRANDMASTER,8D91u-lw63nYR1KaJk0vSsLunsikTQgg1D5D8jnQckqopyY,나아 무서워,474,331,299,False,False,False,False
GRANDMASTER,WVFUjLYCOOAeKvNEEuHYHHX3Mh3groOqr00dwMj_E0iWpAc,Lauv mean it,514,1068,1024,False,False,False,False
GRANDMASTER,EhISXs4Pyczuy8doc097xbQmMkhRSWGxTSp0WjpKAcAPG7Wl,유미야아아옹,531,139,98,True,False,False,False
GRANDMASTER,QuaOGfAYHlEHYRO0E8JuRlFTfshhqM34oj-pYAESqFhNz9Q,dy9j57z77q,585,1077,1029,True,False,False,False
GRANDMASTER,IvpKmMP9DY6flX10b1MLo77ux3Lf0nWHvZyyJH_7ZTydmu0,호국지색,677,390,331,False,False,True,False
GRANDMASTER,_LoH-Ca-TqhsUCu6VSgudc4EqqhrMWXYv_kMBmmtRd4HaVs,asdafsdfd,444,345,309,True,False,False,False
GRANDMASTER,9bsf0mL1iskwtrCwxrklrb17KUx0gkuSOuHsAXQzoXTYT-7_8qHZIgm_SQ,롤 강의 코코팀,485,200,163,False,False,False,False
GRANDMASTER,YaFIX02KkLpy6m75IHtber8tylFqqlbSWgPec6uJdojRhA0,Chan123456789,588,353,311,False,False,True,True
GRANDMASTER,FQEAa_xiSDyOHx1PsLDP38bblNuF4KHI2g6dq4xaj_krfA,Be Changed,542,180,145,False,False,False,False
GRANDMASTER,0WMj56Su0sVXq0Y79Gr5zk-mBHTNO-znHA2lGeOrfbWM-ahrI2v5fKHa7g,릴펌 fan,425,169,107,False,False,True,False
GRANDMASTER,XlFzucQxB44DzdSmi0TleC1-n7x1GD5mIiBFYQAl4bZ8kaI,가을의북,574,562,536,False,False,True,False
GRANDMASTER,ZmfCc-tX36rG5AFBZgKSvxgZL0ntRKORwuuRZI2eIlgUWM8,06 05 19,688,592,489,False,False,True,False
GRANDMASTER,XMRaDlNnfvFWrVEFzBa-aFbeJKZ9YAsFA_ttCukS2gMbulQ,현상금걸린사람,547,641,532,False,False,True,False
GRANDMASTER,qfbHDyxpMnUvQGqZy7I2dPOpIGBDVpDAzVRG6c47VXkUdvQ,카페인금단현상,614,234,196,True,False,False,False
GRANDMASTER,FSD8E0W9HHaSycRUL0BiNwOaCYBwRQvzD1huLdn1jLLyirTqB2kC7SVJBQ,메이 츄르 좋아해,565,202,159,False,False,False,False
GRANDMASTER,KRPhShV9dbPkpSJI8NvNsn6QVFNAB7RFKWek9Fj1IsAkV9s,정글지향,484,457,419,False,False,False,False
GRANDMASTER,mD9pfvC5cjWmNReGD03SIJLqIBWl4CbKQRtgHTPAu2u5uoc,이현택1,588,758,720,False,False,False,True
GRANDMASTER,5rgcHegSBINruUH1XYSMF5yDIsTUSHd-6oZphSHq9bTxTLs,감정이없어진로봇,480,256,188,False,False,False,False
GRANDMASTER,0Hg7SdecP3yF-pcBEY084CeoetzcS0wDi9ED4Wjkh6fCw0yWzL7retNxcA,난휴식,707,119,71,False,False,True,False
GRANDMASTER,n8MD_PCg9bHF470oAkSCC46WwRNz9kDvWOFTKtgOEfvTZw,금 렴,418,152,110,False,False,True,True
GRANDMASTER,1f357L9xwXNUntKlPFA6qkQN6KYEEiz0VLKZTANYowpCtw,pen9,405,169,136,False,False,True,False
GRANDMASTER,iRXl4k7i7kOoAP912kUDcV1DpRBgeIM7HM3uhw_CH2otiGv0IVvTvBl4mg,lllllnll,486,631,570,False,False,True,False
GRANDMASTER,_l3hGupVzpABBEaJ8ELca4dL3CsMScT2_tAkliFwQeNURe7xz69mxARs3g,im1v5,534,1017,978,False,False,True,True
GRANDMASTER,B0UzREK0JUNiSxV8iTgxvrQ7FWePN6pi7AZJvibfPSjDFA,Riris1,438,296,273,False,False,True,True
GRANDMASTER,dxuwj35nUVBQb8qIL9vxnbS0ZgziWiY0dJ1OCvyQdwVPxvimLWo88dgDMg,Gen G Poo,512,569,496,False,False,False,False
GRANDMASTER,ZGxRH2txm-RTMR0Sz-3lNOUff83TcOxOX80bhZambB4EhfU,THINGHO7,432,502,473,False,False,True,False
GRANDMASTER,qqQrWLB8iSQHzvO24s6XJpj-XDiMowC2UOg1h7iau7Yg-t4mllT8ufoIDA,zxcasdqwesup,472,862,808,True,False,False,False
GRANDMASTER,jCKQG2SFPDQR5jqqk6QYKPfeMfGH7IeRzqqHleZ5XfBJMeA,e dal,451,951,918,False,False,True,False
GRANDMASTER,M9kwNjYCXPRL676csG-wrU8scrqnqHlS9yN9r9VKiJnijns,안녕생선 Youtube,587,194,151,False,False,False,False
GRANDMASTER,WqlSAwYe_eH_gwYUmdWqT4vwtEphweg7GDCMn2BRSazXpze_iu6T7IU9IA,wakwkajsaksja,689,492,447,True,False,False,False
GRANDMASTER,nYEh8w252aWXm9nRmlc0aQOFnGMJ5zc-mPn1_pXopg2iAg8e1J39zYAlmA,xiaoShu ovo,423,225,178,False,False,True,True
GRANDMASTER,ObHBsUQ9tgLk4DAn5HRhktL62Onqq99GIhQXmaw_hG5GxFk,Noticed,474,975,932,True,False,False,False
GRANDMASTER,rzmNmaR48RdJv9Ntb7v3xWfbUf6q0KJ5UQ5KPrwNckt4qA,shamoluotuo,729,357,318,False,False,True,False
GRANDMASTER,ZDW1bhNcte6XU5xwW6FkDO16nrypUdOTbTQVEj2RNCI856JdQZSSOARvig,참 몬났다,501,472,446,True,False,False,False
GRANDMASTER,W2FqeaMkK2Q34oe_ifd02JUkBP7dDaLQlnSImkUkLKN3NZ4,블루리쉬잘해요,687,864,817,False,False,False,False
GRANDMASTER,1bSQcdThPpx3msCrhVkwujvwnqANpOLdEFZoTXYyY3n3xf8NHGuCNkyu1g,미드님화이팅,449,125,74,False,False,True,False
GRANDMASTER,VQyMaf0zzb6k6Nd2ktymiX4eKls9XYORaX34Oa2VsMWTbwM,종갈통,493,159,125,True,False,False,False
GRANDMASTER,lgpfDArLTOcFWEeHkOevoftjwAk9pOczXWjjcvfZoiGvlT_ZOeykHCCdcA,niude8xing,609,584,526,False,False,True,False
GRANDMASTER,fVye1r-lr14oCktl3IJYEmQolqGbANzHRK5fo87nSoPDQrOtcFgOT7yIIg,유튜브아라드구독,639,118,76,False,False,False,False
GRANDMASTER,eXtlUvM6yktCBwL3ocSaalqv1kyfnnmcmUy0D6HWdQ6jAvJerdlOILwB5g,유튜브 짝강,421,130,84,False,False,False,False
GRANDMASTER,IwcrNe8moD-6yYRklirlPXHa25aDjuun4VRxGK9xutf8eSL3-PHkNMuXkw,danxlangsi,431,772,717,False,False,True,False
GRANDMASTER,-JLggQ5EiKwjHRXFHWiwFU6A15Sno-q759zhtlqSTx8PdA,나츠카린,423,193,147,False,False,True,False
GRANDMASTER,HYFn7JaYpJx1FleqOaDQHFXCdVU4vjrUJuvG06LHd1NVqZDd7zwAw7SqlA,MERCK,492,111,63,False,False,False,False
GRANDMASTER,qOL7-X34XbgKrO6iadwwsMp-7cbZneYXa7LZhF_YGP7o7w8,자크 생존,425,643,593,False,False,True,False
GRANDMASTER,4IiFr65VLRM5eJoWl8fGRyVzATNKK7yqwaJHf3J8fEQnp-0,오직데이지만믿음,629,272,235,True,False,False,False
GRANDMASTER,_wMrSfmgUFZPbeSddrJsvHcXGCNCq7M_9Uc70kJMUxszmQ,Firework37,644,424,376,False,False,False,False
GRANDMASTER,3ZWeJGev0AEFPN3QXclbz3oycphmQOPjG3USkAugJm0zLyE,GEA L Herres,463,552,509,False,False,True,False
GRANDMASTER,gftDucR2MaIfA5q5osTnCQ5T1dwaBYex2JmZUnDLi7PSs1o,박 구 원,430,112,71,False,False,True,False
GRANDMASTER,imQdnIVZDdkDhUH4_PKrvxYGJ7GwAZvOadKkHvfg1JcK2267Ckch6vJYYw,Like 1999,781,178,126,False,False,True,True
GRANDMASTER,MEp2pPjN_XdU96J_mhMTBZ1SoIqI1_PrnYdhUadaZy75AV8,현실와꾸강동원,433,322,292,False,False,True,False
GRANDMASTER,zMbyW2CTEcZaNroAXTtLUzaeauPQLbIV6T1goyhALC3iFXU,처피뱅 카와이,486,1048,993,True,False,False,False
GRANDMASTER,nnOdWQ_C-jGiWJrVepj0UdmrX0IEy44AS2LjdrxyDDfPGrk,BJ서준석사생팬,639,446,406,False,False,False,False
GRANDMASTER,XP7Lxk7F1q1iAxCnMFXWme9hQ8J94CUK_XiSBbFfd9FUKg,Seulgi mozzi,541,547,509,False,False,False,False
GRANDMASTER,eZjwKwVwtkhHy5SSNURmb7WfwJGpCjA1loFOEakgriSuyONVIxB_1r77jw,Aeeeeeeeee,521,292,224,False,False,True,False
GRANDMASTER,pwqnIGQfhUWy3LAB_xEfQthRxVnRNS20b5zREH7YIpgEATM,Shadow Ming9,520,1047,1017,False,False,False,False
GRANDMASTER,hWBYbcMOjkOenGvsKi4vADBgxDFh_oKHsiMeIEqcPmrJAyY,Iava,525,162,123,False,False,True,True
GRANDMASTER,kW535qOVDfhQuDt2hLnM1TwKNe7yHrGDzPOKhuNYmhG3ycc,순단무,421,402,369,False,False,True,True
GRANDMASTER,woFlNEiXK9ffQwXCamPGeGNEGQ0z7Q1klI_c4aWdw62HPk8,오이동생,557,298,248,False,False,True,False
GRANDMASTER,JPFagKO1QPWBmR4mZNqtUWzNtRbhX9Zap_eUSEDiHozcCbg,탱 녹,771,522,465,False,False,False,True
GRANDMASTER,wolZPQ_xEfqI8QZGcsYHg40j67Ux2Ks6NHkW0sSU2EgcBbs,HLE Gift1,666,412,364,False,False,False,True
GRANDMASTER,-EW29zxIryVYdGyKirvzzx4WjxYpEqFBhNYoHgPmqwAoDmyVZotwY6vARQ,뷸 츠 ,422,173,118,False,False,True,False
GRANDMASTER,Y4HJUS5q-RV-ocj4s8_fkHXEoQ2XRIPhhA8M1socbfQg3NWvHBk7wWoyYQ,love740,650,468,408,False,False,False,True
GRANDMASTER,2ClWtjF_UQr42iOaNwfvtnXQJYVbc7zGeWd2O3kePG64hvU,Baskin31Robbins,577,95,53,False,False,False,True
GRANDMASTER,sCRyX-yl2jRBHlF2mQZWSzPXPOFR-hMxma6wALGwtPXExis,나는팀원들이밉다,485,193,151,False,False,False,True
GRANDMASTER,3UvDExFYrjEY0CfUUb0wkbkqqQH4dGKiRdO7z55GMf6RBZ4,펭귄수호자 바드,532,194,150,False,False,False,False
GRANDMASTER,hCY6AtMRCMsT30hi0N42qTDCZIScdSC2kmAitAPi0fOPlioecWrlYvgohA,Huya zhubohe,521,150,106,False,False,True,False
GRANDMASTER,yb31IMF3yGvN9LKnPh0Qt_f7kvtaHKWRLsxBgpt_cijCJkk,whisper snow,457,702,655,False,False,True,False
GRANDMASTER,1oqDzcbrpGsF-5RtnE0aC0Mcqf62XdXlu63B6e_OoTiVHw,세마리 강아지,659,396,360,False,False,False,False
GRANDMASTER,gDMyYlv4pDsN6rWEZo407iBJGZbM_lblVgX3Qld2kTiuQvF1,오늘하루는어떨까,575,235,187,False,False,True,True
GRANDMASTER,vZilM0NRGe84a_BLBw1zWIXVjEzuS5BvBSfnONxHJOduOgMXd4CJLAO55A,qfghj,582,698,621,True,False,False,False
GRANDMASTER,RPPhbZlOE4I8gIGtWlMeGzIKfLQxFWxvv2xn7XPHVgEuevlxGnuZZOre_g,satanzz,430,203,146,False,False,True,False
GRANDMASTER,wK1w4HP7KZjo20nesPrxssijxr__Xbnx0kTkMnBTU4RgmaY,Shan Lan,379,423,372,False,False,True,False
GRANDMASTER,71rJcUqap_P_rP4mbVEMSJ_0bjpCI4tZfw8q2nE7lyVUMSk,숟뀨락,700,635,589,False,False,True,False
GRANDMASTER,4SIoPdp7E-AOq1t2BfMvnhK4AFo_nKOu6qRUjzJNeF1KjA,리그오브레전드ll,439,468,419,False,False,True,False
GRANDMASTER,izJdz5aG4K95EfXvtN49l0plyWLcyE200tPiG2exkqIpytQfg4bqAl47OA,YMSUP,488,219,166,True,False,False,False
GRANDMASTER,UBM2gQZgzmIQLgUDmLu82zv44Lyq7u-pwDhNknaD-V_B1Xo,vlrhsgody,567,248,191,False,False,True,False
GRANDMASTER,xch2tQauIObTnHB1UmkY_XeuSCx7-tUe4N-d5fKvDhzNwVVQpjfeNM0n2w,sgpzsp,478,163,120,False,False,True,False
GRANDMASTER,ymsezgSnCjISQDveiJNQf29zSq0HOGJlWwI_i7U1haTo4Z8,AD JJoon,569,779,738,True,False,False,False
GRANDMASTER,qK-QSKdpavzXr9Ut3vuiInzuIQse_qDzIIgtYdRv0aFCVYcSMRBammuqYA,long yan jing yi,595,270,222,True,False,False,True
GRANDMASTER,uxNQZLl8OlNO_omKhCH72Tzc6YDucx6yWaGs2dGXi4TK3X5mbsXxLuN4ww,평화로운 행동대장 에그타르트,471,413,353,True,False,False,False
GRANDMASTER,GhJWKQeJpKN6T79PzyFsyj6ifgcoei-6r0onZE1DB9AuuHClBi4xiIkYNw,Main1,601,569,505,False,False,True,False
GRANDMASTER,TBhG5E1uURQNQS-iZ54ESZ2YzwzB1vscrOevPWpyQAHkI6Nw6X5lJOVFjQ,12364213,615,958,908,False,False,True,False
GRANDMASTER,9Bx7s3w8lmEgs82kwpfwiN4hWT9ECuKQOhqYl5SrZL9iHGA,haburu9,454,123,94,False,False,True,False
GRANDMASTER,aXDeOHh30-7F-1Z_rKX9vvGIKPBvpwQ4trsjn-jYpnRqVXg,포퉁이,523,933,903,False,False,True,True
GRANDMASTER,s8ekpXIVBoIswJlqsZ3uPp_i3Ba6A46UI41hQ3StrdxsAZU,탐 칸,465,361,313,False,False,False,True
GRANDMASTER,EELxk1yBzWF04vVZJANtkVFw6KaOyGOl8HKG0sjZOsN5Uzbu99EU85wacA,LSB Utility,623,205,158,False,False,False,False
GRANDMASTER,bO2kK--ENpja0OY2vtQmAe-wl72Cwh326ZvvtjRlRWeyVHU,Co24,665,212,168,False,False,True,False
GRANDMASTER,oP5SscVi603JLhEDJ-VnidGEhZX25WBgaw6kEuYzbJiCVkI,sadqwer,414,440,407,False,False,False,True
GRANDMASTER,-36FxHrkB8V2CDzfFDCYUYDkvuTnhnhoRAiK6xoBLS8Xmm8,Gen G Karis,676,589,517,False,False,True,True
GRANDMASTER,217QhldMJqzm7UAYF_7kg4krcXQs1uduj4JaTPZUflgLpkE,Kaihua de,428,90,62,False,False,True,False
GRANDMASTER,8GAbkgU87RYUEXnOzr1JKy1_f-EZqNpFSC7N5O_ZMywLWBM,FATE,748,423,371,True,False,False,True
GRANDMASTER,4jaibqwPA6OVaBPiToVlVPT0gyA8oPcP7oYj08kZSp0KfoM,Nation Blue,531,1130,1083,True,False,False,False
GRANDMASTER,7zwZvs8ATjnAfLa5Tec0vQGYY27tOBiYOwoeuVfvGQ-EkAc,꿈을 잊은 아이,468,243,205,False,False,False,False
GRANDMASTER,bMFdZ41KY3VBhR0f1Hv9dXiSOmA2-vBeAvFB4riY_lP_-CA,AF Roast,611,1086,1047,True,False,False,False
GRANDMASTER,L_uw7Z_FkBavwYEaJcRjxqwCWDReqncGAZhzLoSWH74iHO8,간다라쿤다,661,731,689,False,False,True,False
GRANDMASTER,f0p_Zi51xFI_W7H11BbSAt_JJt093evdgBLAA7z6lQXMf0p4b6AbA3tHMQ,Ke Jun Da,425,374,331,False,False,False,False
GRANDMASTER,Fbk38GcX7Ug7Jfv18p5ti-oRC1LSKdl63rvHcrB65jCyQUYxh8Yiee5i0A,Learn everyday,530,325,271,True,False,False,False
GRANDMASTER,AjDrHKD8fzaa__FExxuCZgM6fn2PnsA_obk9ocxNHU6yLak,나락 캐리,514,220,175,True,False,False,False
GRANDMASTER,-O6He8WA5LcqtTmPR-IlqE-kzlAxz0O0v7N2AgFdMmNyVvWa,ZEST1,626,621,564,True,False,False,False
GRANDMASTER,PbmS9iETt9Dm9cfGYQdCxoTvDdRytn4roIqsTLqEpd7RKCQAswHfsDJY1A,Iove poppy,434,239,203,False,False,True,True
GRANDMASTER,6YJnTCjR4FfwOC0lLhFRXFQGkTnGR3qTAJnOsyfieHtgOMo,언론탄압,456,332,295,False,False,True,False
GRANDMASTER,6eoAaScKI21MTGCqzmvUGEH4VwVFnKqGCNYJ3cE0hNOQWcDypyH-vJ0RQg,반인반신 마우이,513,248,198,False,False,False,False
GRANDMASTER,HBbpaYZZhbfpAGvziF-sVD8qKnHQWF1SDqR3Gjfs2Pzz2w,병권좌,622,161,125,True,False,False,False
GRANDMASTER,qVnUvIxqvK9svi5i2eogcAKkFdsMfxMLt2LgosqPmr209MA,aespa,522,82,41,False,False,False,False
GRANDMASTER,A9Ww0wfvuPp4ZWg-g3Hq7lBYKwnZzDqFhxLnavGuXXQgfZw,모두다함께차차차,419,156,121,False,False,True,False
GRANDMASTER,jIgLCOq0xelggqVOCkTansX2jQBFwxF6vT8JNQmkeFEH2dg,런 두,468,210,183,False,False,True,False
GRANDMASTER,6mDtS1xdOsligKeHn5u36F4aJ6kv57UGLUa_hIDKVm8PRw,파풀러,554,438,386,False,False,False,False
GRANDMASTER,R5Iv1S7udeioDVW79aCvoW-QmC_gpQkm9j7pBchQd32x8_g,2007 xhr,544,1195,1146,True,False,False,False
GRANDMASTER,kyldZjyTBIkhsy60QyNIBWCPjIfUs5zdenXDslDivhmRenbT0-OisjYvyg,OnOnOnOnOnOnOnO,444,179,147,False,False,True,True
GRANDMASTER,moSA_yOOzZE3_zDagpXAJKEz66xijbXlqLELHJgveVNdg-UKlOlcuGHubA,supi,723,176,140,False,False,True,False
GRANDMASTER,pX381aQbPiDe8T0QeP5PkBx59Lh8RxW3rj_1jGe63qePFe8,조심들해라z,575,674,633,False,False,True,True
GRANDMASTER,h9EhrgYlw0xPp80v4pXP6E68gDWWlhxRlVZofAZiUo54hiW8YkdHmf9DeQ,식혜커플존버 ,479,551,522,False,False,False,False
GRANDMASTER,bvRTV5lb68W_tsMy1W1nqBBQ2c_Hd1u7zFlZXRYgx3DX-Fk,Tumble Delighted,535,276,219,True,False,False,False
GRANDMASTER,hjwT8K7GK44m7WO9fiQYOnDxsFaH_de_38U1BkRla4WX24BX0hVqJTuMDg,Xevq,650,124,79,False,False,True,False
GRANDMASTER,1KJpibwuUAC25018b-zS_Z5Ei14gqma0YgOraYFyW0gVnfQ,qest,480,284,248,False,False,False,False
GRANDMASTER,ED3eK2T_JyZWE_AAzMwvHY8Gt24jAnFAAdYXTSz-XegLdLU,새우초밥계란초밥,525,388,339,False,False,False,False
GRANDMASTER,ARXUxuNf5YGdUBkK0lYLu2y4IOgqN-5TX4sRZCpvjSkTn_0,DK Arami,539,305,264,False,False,False,False
GRANDMASTER,gCIx8r4LBphwRZBvKSNRg2MC1m9B9ohdcUfxn6kUIQ95KTc,강철기사단헤카림,420,405,364,False,False,False,False
GRANDMASTER,28yvf52sXD7d-uUaLu2x9149NPRfZthffLT6BlUIfp_DbXr0Ki3QceOFuw,klorex,476,753,699,False,False,False,False
GRANDMASTER,RlevyhZHFkq6b6vFQ9CdTb9kluPHaWGNmNuLrrWMbpJP6R-b6FwjfEv_-Q,SE1KO,472,80,37,False,False,True,True
GRANDMASTER,Li_brFZaXOsKlW8whKWT50fG7oRd8mc6NRfYeN3aFDZ0cJw,20211108입대02,431,263,230,False,False,True,True
GRANDMASTER,dvyPsJyIsDOCTgCmDCpgmHOSVfvgewAy-kQevD0M4OVi5IV0dvcf4193uQ,98kiw,585,1062,1003,True,False,False,True
GRANDMASTER,kbZPSvA0h3SdV5ezVUUW233-stVAMT373Ziok-UPhIUMjiFIe8wZpf623w,Oooooonzeeeeeed,612,148,92,False,False,True,True
GRANDMASTER,hry_0xcAML1YZjmk_YpSajgKrVZh9wEf5BVE0WbBKKnLqQ,예 현,510,783,747,False,False,True,True
GRANDMASTER,fAX6TCkA_9A4BSUC-w93Sx-WXMXeiLQPzLX73YmuKsHo14S1Y3sYknsiZw,cute ssm,525,1318,1259,False,False,True,False
GRANDMASTER,HHnvOCD4RG3wj4oEfzrPCR8X_NXuZD-zygJrIsZZwd6qXv7f5q0ZNsUG2g,비천 도전자,545,943,874,False,False,True,False
GRANDMASTER,ghVgz1GUXyMjjK20XjctsLVjQ5lVZPVSc4NIyliweI2p3rE,QmwmQ,664,408,358,False,False,False,False
GRANDMASTER,rPKLRtp1TBFlL35vUNTpm4gWRsyreADg5Mr0Wa8729QPx8Ou,돌 던지기,643,390,344,False,False,False,False
GRANDMASTER,zPdjIhtF4bCrRk3cyt7GlrKu8UGunsiUTvWKMJqslmf5A_0,쿠 리,521,571,541,True,False,False,False
GRANDMASTER,k0thm6aBn5PYPvb4yF9gZ5bjeUG8K45RE6Ux0s0yUKW5T0A,임서환의노예은석,473,433,396,False,False,False,False
GRANDMASTER,mUuOIeaJB9qqdLRvp4-lXTyp_F1XUpdt1uNUDEvmrVSqY93YLO_j8cOyHQ,qweiowqeo,647,273,231,False,False,True,False
GRANDMASTER,Q1iwVqEX1fwRhFFXVZpylRQkk3F0E94VHysQijrgT0PtHYA,lese chang,464,195,164,False,False,False,False
GRANDMASTER,yDEyWmR5jn3-S6o_fmxztLVWsZyjuhJ6LorUAzjrbenHX5E,포식자,739,860,810,False,False,True,False
GRANDMASTER,7Pt4CvbV5WUnMKp5lz6--FdWUwZH0_a7EWVqrTSgS6RFaKU,asdfklfdkjfsdl12,453,367,333,False,False,False,False
GRANDMASTER,jh8pVl0-xzhxh0T0q6b1RyH1O-pNcDjB6TdthfYlZQwp5Ek,Croquette,666,503,457,False,False,True,False
GRANDMASTER,aTmbOVgFJSqZ-j8cvmLUdES8BgtQvMoZXRzQILryIqN9oDqa,이슬톡톡 좋아해,421,384,326,False,False,True,False
GRANDMASTER,9M7xuaH7ZmNcEYK63ULqum6C_HP5TS298axodD4N9z6P9zE,MooJin777,611,325,296,False,False,False,True
GRANDMASTER,T8iNEVMgZLG-7QHCab9F6XSj4NRMcAxYzVr0o5LjSRO5bA,KR Spoon,426,156,125,False,False,True,True
GRANDMASTER,mW2Wstfph9h9Cy3ezzyLvgChJ2_EN_g-3TjCyy1JY-atpg,JunB,429,688,663,False,False,True,True
GRANDMASTER,Q14RsZh8pEMUwGX6m6CfdszKNVdpf4WZ3lCxelk6xxbD56A,발러야 밥먹자,463,589,523,True,False,False,True
GRANDMASTER,qQZvW5vZbk45-2qhi7USzoEoJElbbe_s3q-smJ6ZngomFeaCbt7KuCSp0w,마체테쥠돌잔치때,420,966,918,False,False,True,True
GRANDMASTER,y7SvqgSIFMijDLRYcvJbtmSfM_h9rpZxOjz9FEz8qpNU9EY,타락한 숟가락,462,868,828,False,False,True,False
GRANDMASTER,bEofjo2IyHQPQqtBei-P4rbMLBEQgPhWXFHvm9dgVPlzCws,에스파의 심장,430,612,573,False,False,True,False
GRANDMASTER,RdTAyaVr37Q-Cmfsxvn9iyQadN7hamJ0D0FXIo877t41pWM,Youtube 엉덩국곰,492,165,117,True,False,False,False
GRANDMASTER,gzYGOOJuqKKkcd_A2bXZtqD693_08Sg5dXsqMxefiu0xg_Y,초코땡이,413,402,363,False,False,True,False
GRANDMASTER,s9_ORFB06m74UhLHYuKIpyWkPOonsEilxj-JWGrczDxNti0,괴해신살권,555,579,542,False,False,True,True
GRANDMASTER,vGs7ImLaaXdvrEyvlAL6R9HynE3cEdaDMNzy5kEnpDjHZJc,박치기공룡입니다,680,469,408,False,False,False,False
GRANDMASTER,NGm6cdvgbWq5E0tHXqs6-y3i1IqoIhwuZSCkRqhQ4DK60rjf,iMTblJbmam4,472,448,376,False,False,True,True
GRANDMASTER,lj_-U9bFTIJuBeD1sJJHg5DwcNYaacW6LJiHo8at82pU7oFe,티어성형외과원장,537,192,146,False,False,False,True
GRANDMASTER,QsjTzE9yD5KLkPsoOjaQ_Jti9quvuGhGEcEtEVfddu-2f5w,IIIlllIIIlllIIII,641,384,346,False,False,True,False
GRANDMASTER,k7Lhr9GiOEIq7zEO787Htc9ZhPVlyizuInK-DLe_fCve1Q4,Youtube Hongcono,755,263,217,False,False,True,False
GRANDMASTER,NjczeofYAZT1O8U2YEzFyU_uMPvfd_YKa3oL-El0s2QNcvs,dpfmvlel,485,309,286,True,False,False,False
GRANDMASTER,E1EhbJg3MEss9slg15e1wZy0kJZp_jFSDRID0ODVrE7KnBfVlUwU_867iA,MalevoIence,628,126,87,False,False,True,True
GRANDMASTER,m4zjWhP38p3j1oFIBWnUPuPMB5p05leqFWMcCxVzBD_7pw,통일왕 라울,416,182,123,False,False,True,True
GRANDMASTER,16cWIZZfqhK4PyHZ5SuNrGn2Hi2McFvcArwS08YbSzCToQQ,난폭한 양,611,304,263,False,False,False,True
GRANDMASTER,L7fX0C1_UPCZgB7EUXndqPBphiHVOeeb_8Qwq9__PD6w69A,DOJERI,512,645,614,False,False,True,True
GRANDMASTER,OGs85f3uHv06ccQjfrAJo33rg8UvPcQFLH6WCHdQ2ehIu9Y,ONE DIRECTlON  ,492,780,740,False,False,True,True
GRANDMASTER,C9lG-lWR3ZMS4OHENYa9uH6k0Je5vM5An-JfmzXqRQAcoxXKV4PNgPwMzA,weiweiruoruo,445,331,268,False,False,False,False
GRANDMASTER,Y3kJjFePVC1CkcIS5dFsZvIFhKCgOrG6fQd7u_NlYz1DmUQ,번뜩이는 플레이,767,1119,1068,False,False,True,False
GRANDMASTER,Ff1186QFHWqv7qqz4J9xA5u8zmXqMMsBW6EBUFQ9RNHPXoU,enrage1,573,250,212,True,False,False,True
GRANDMASTER,nsF1e_iNEoiSZ3ktCwYbzsN8ixhhQEqv7Atfnh3WOdIXzoqt,쌍그모,572,205,170,True,False,False,True
GRANDMASTER,DL5vQvrbT30YAKPoHnyEa8D_zwfOwVErDBjYbR5oe2MYTDBnCnsd0GLcKg,xiatingchan,667,184,128,True,False,False,False
GRANDMASTER,B9q_q0EpF0aEtc1S_eGQsQP99cDGPOqIWJTAn1mLkSOtUA,듀오 강의 제드팀,547,510,473,True,False,False,False
GRANDMASTER,HHXvbntiXFilVycLfkRvdJi4vPSiAxEQjfO9yzWcaGy0gKo,97S,532,209,180,True,False,False,False
GRANDMASTER,nPcdfzudSo-MpKZuh1aVqnd1c9XtWpFLOZs7_32CdIYMOJA,애기야 안녕,474,329,285,False,False,True,True
GRANDMASTER,ciXeWk8kdSJ9GgBCF7HahaFbyei7YlVEmDPMVPNhNMYwdRAchVmXuqQEmQ,wojuedexing,487,394,332,False,False,False,False
GRANDMASTER,XMdNoh6suNqkvDkKfKgf0r-4Fguf2IQ0zwWtCAIRWqgWRVaDwMFK1g2v6g,1116660911,418,818,775,False,False,True,False
GRANDMASTER,_iUK4hjVni2r7QOcw8i2II55OLl4Em5arg_z5AZHz7FKLAQ,걸그룹노래맞추기,555,270,228,True,False,False,False
GRANDMASTER,b1An7pBClDZxIRpgqF8zpIabhYDD3CAzIRCufamMUKEowWo,물벼락,472,134,88,False,False,False,False
GRANDMASTER,6oy9L6sLMNK2t_dRLsMPip8inxZj8Yz0YE7MXrjZoi1cH4g,나는이겨야만한다,633,235,194,True,False,False,False
GRANDMASTER,4wa3j2MB7JsYcrNapNqUzN47c-SKcjlbyGIDm4mQV_m2jqb4-gvcuqTdGg,사신몬,488,358,312,False,False,False,False
GRANDMASTER,zV_HQebBpaTtPRfeweOfjnCXpF7Yv3NMS9Sgo5Ee0R6nTi0,Fzz gege,640,305,264,False,False,True,False
GRANDMASTER,RJOwX3Ica8orlb6sVrgacjvoOP7zmbfVwxjX4bK7FTvVZBc,KT R MID,505,1087,1041,False,False,False,False
GRANDMASTER,0uW85X7D9dx331C_1KA3MOKPkTi4FDUyi72WmQ9Rpaa0UZZaJhXZNXPQvg,Diabloi,502,569,534,False,False,False,False
GRANDMASTER,57oEVCEPjVp9kplQDdCGwpOVe8CrSxjfgqlV3AdiPDXrI7I,L J CHANG,536,761,728,True,False,False,False
GRANDMASTER,GdD6xzKf2PVe4KnlEPMxcgsnqLQrroxh2acVTXAbkKqxsUo,lure heart,418,239,207,True,False,False,False
GRANDMASTER,t-R0ET0Ja7EmkIEXATnCbxTjL4QC0n8dWJFmyNOe9Ru7-7bq,홍시샤베트,467,837,768,False,False,True,False
GRANDMASTER,nYcCQJZsjKT2aRywHYl8adw-8yQ0cVSP3EKyW8YEIaSGQr8,kfo,583,1244,1204,True,False,False,False
GRANDMASTER,BzpCv6MhuqkbdblbXK5Orsqqm792X1X57zlDXoTIMnPqtds,AF Le5,514,1029,997,False,False,False,False
GRANDMASTER,tGeSn2FS2hRq050rvFIjdT040Dxk1tROH3oduWqy2QoWr7BHc3QUbfMZ-Q,dangyadangyadang,690,733,668,False,False,False,True
GRANDMASTER,8vfphmP2jA4xWnbmmhAwgjZqMbkf6tg-aPNTkoXTLEM8Ru4,쉔드백,492,741,709,False,False,False,False
GRANDMASTER,P-mMv5SpTUx1A_YvwikImQExxc_TWW7nbnz0QHDycUPli8lH7j6wrbI9gQ,롤듀오 코코팀,484,175,142,False,False,False,False
GRANDMASTER,CcfrExudk59Csoinwdt1-_4jd03B2gpNoWxIcuB1mTLiNi8,im trash,420,366,331,False,False,True,False
GRANDMASTER,aKan12lJRJYX_m7ej_qODBU3UyKo1uilmVJeByR1vS1HBlD9ipy0VqSCbg,na li dou shi ni,536,848,794,False,False,True,False
GRANDMASTER,_88J0WPH1_8zD4TqpV7jCZHfFPAXzSNMPVb2kekhZtClNHM,HLE QFT,493,225,179,False,False,True,False
GRANDMASTER,VWOrRkVO2u4HYp1Fc7FiRRFKj0NWBNxxh38Y4YUz6uL4mPk,dalangcrash,432,182,139,False,False,True,False
GRANDMASTER,8dM3Hi8ZTygyChKGxR4clX8vwIqIi9_cGlHhRpcTq40Yp4cQDW8MwWl3XQ,langmanbusi,749,716,653,False,False,True,False
GRANDMASTER,YRsVaVeSLWGyKPZbNjGgOBh6ctg2xkE77rUJxAywfJpn3J8,H28G Turret,424,335,287,False,False,False,True
GRANDMASTER,vw2s9YGVBiGy3ddLBpRY9pmtaYVU8xYhzi1cJuCJfNnTiTPlGZLTk80Dmg,Factory,471,135,82,False,False,False,False
GRANDMASTER,si4zQqRxUTxZtWU2XhfA05g3n5f9MiSPpBuvlkewjFHUWZs,100gY,519,1202,1175,True,False,False,False
GRANDMASTER,6HgtWwOD00qXK0b55Jp-EARKE3GSkxntZ8J0S3mCSON9UOiOVTJv3jWGiw,늙은 이은성,444,171,122,False,False,True,False
GRANDMASTER,zf6CTIU0zbvlXTXrr83y4BOCV1hUQVZ6FyNiukB59ymcR0Pa,Saturday Mornlng,424,663,629,True,False,False,False
GRANDMASTER,TpbFQqET4662uQKJwpY9D8tdN8IH00HvKUmAVCoAjQS9OJ4SqLu5akpFhg,snzy,421,808,782,False,False,True,True
GRANDMASTER,KAfPbCO1bP9cm9acDESsBwDDnIBLrX41ls4P1qPYDs_Nzns,고팡진,424,355,311,False,False,True,False
GRANDMASTER,XIQH_JiNzSgaSinwwrx7n9xCXQzg1gcTj0lOVtlYKSIAqiuT,평범한 숟가락,580,925,879,False,False,False,False
GRANDMASTER,Ej1zVI8BIBM-X7I29ZOSCHeZ2SHQFeieRS-lMkRcTAL4BF1B,미드잘하는정글러,529,998,940,False,False,True,False
GRANDMASTER,lQfHOt636yo9P9R4sOkS7Mu-TU0fZgyJLWUYCN25nGYx6Js,Eslup,448,187,152,False,False,False,False
GRANDMASTER,5XGFjrg__Aijon5wUs9z-t35bpuxG2GJWpo9hLeiJmL_MFTXm7H6QIBNCA,xiaocan  Sakura ,734,492,394,False,False,True,False
GRANDMASTER,b_Q4yOivOICTHMPrbYv4FJaA4n7mNHxbBknZV4yK5-rOGdA,건들지마용,672,564,522,False,False,True,False
GRANDMASTER,MiJW1EjKBYz-S3X9BAknVlWYYC_lIsnd9Q04Litz2fdYrIw,늙은할아버지,457,449,409,False,False,False,False
GRANDMASTER,q3HDmh95bVqCUiHU4Z0dAXWRiX8E-x6QtFncw6THghUhLmNK,언배천판 챗 금지,487,326,294,False,False,True,False
GRANDMASTER,7dmE6SkFUAz5klLnpVusGqkFweZYs7a6rtB1A8ZCJnaBgpA,I HAVE N0 IDEA,637,1096,1042,False,False,True,True
GRANDMASTER,EzIHxgiXGcvo8PJh1CGrglz_Wk_J70zaf-a1RgyzDOG9Zy4,제드팀 빈,509,203,138,False,False,False,False
GRANDMASTER,GiMzCpymWxi6dq3zMJS5B7Pd0U71vJRG-O2L5su90x0kF8s,Homura,429,251,214,False,False,True,True
GRANDMASTER,DYJEoGu7u9CEyep_Kbl5Jc4IBCqsx_XM2pQlpTjZ44MNflQ,아프면살기힘들다,527,284,240,False,False,False,False
GRANDMASTER,Geq3_SqoxMbQw9JzKKmmqMwvCIi42iUjovPQs10HjoeJQ4U,Klaus8,438,713,672,False,False,False,False
GRANDMASTER,3Gd-6vPPS6yFnYA0I5EKpZNbmovCIdd5uODhlM8VIP4L10s,DRX 홍창현,641,720,675,False,False,True,False
GRANDMASTER,s2WWIZBg1B3uhm35DH15ctCZy83OoOj1LQDxWPcnrC7JfqgS,Crucile,581,749,702,False,False,True,True
GRANDMASTER,ySqTYlHtKng1-0sTUX3E5FP57G4zL7NZvYod6gAYQVDWuAWZj936T2_TZw,젤라 귀여워,429,274,234,False,False,True,False
GRANDMASTER,DNR9Ztidoq4oGzsUiLvYv1CgidpHjRztPRLQf7rBNx1bnFrK,Yur1 XD ,503,145,105,False,False,True,False
GRANDMASTER,VxP8-c5bWaJMVklOHrX5SnWX7OP4k0g_Bujq73RPvegNfIQ,오디나무,520,234,187,False,False,False,True
GRANDMASTER,F3--xjxWsylJY1vF-bYMKYkBOwwXzddELaBxmu5PBRJ_soQ, youwillsucceed,675,662,598,False,False,False,False
GRANDMASTER,ePYjgW7DFoUe0PdW-4VnqJtpdmMoNDO23la7NsvctW92qg_NqqsnmTeYRw,cxzdtnksz,499,260,218,False,False,False,False
GRANDMASTER,EzndOhd9lXnpWVZjr0mW3zxzRdW3uGCxeTSOF8BlBPq6lQE,YouTube 짝강,490,333,299,True,False,False,False
GRANDMASTER,qJsCrCgRx-_318syDvQKQN2G89er5s-obirSIY4Ws-nh_Q,원딜 그루밍,421,242,212,False,False,True,True
GRANDMASTER,fEAOZ8ef7fiCuue0spuaw-CCkpWatPLQGMZYIcNqIz1ui_wbr0I3VDNaVA,haoye1,635,664,603,True,False,False,False
GRANDMASTER,tv_KC-yjum5BOLgjw_qsHeQpJc8QvpuoUg2UpLildwJ9kRE,Gen G Peyz,645,1087,1033,False,False,True,True
GRANDMASTER,JNf8gp35OOYddER5OMMtHMe_wNcxdaHd4MM3KCwYWR8Ygg0,약속된 승리의 칼,579,337,276,False,False,False,False
GRANDMASTER,3BeQ-Bn2xfM8SJXYK4UPtyw22kcWtKG2VRodwUVlddVYUxk,원딜도하는정글,437,340,308,False,False,False,False
GRANDMASTER,24cAs-CGXdsTvfARau_OUVaTmfSiHR1UsfFhTxQqg_BOI6yBpgsh_FpA7Q,운이 좋았던 날,572,336,276,False,False,False,True
GRANDMASTER,_ullceCGcUFe7xz4AwbW_jDQ4_pPmWUQCT0dW-toYAgHhIXKq1AOqHkuww,로se,422,967,862,True,False,False,False
GRANDMASTER,WbwOM3lW6D2sNiJ32XfyQ9fEYLW-wXL6uACRmj83bAZL-1APdbpY_CLnww,DE5APARECER,437,137,112,False,False,False,False
GRANDMASTER,2dKDCgbgxELlZCAU6HqEbjh-yD8GgNkA1C_TgpyK-BfDhmx9BS6Wo6Cmrg,FA Kadal,683,164,118,False,False,True,False
GRANDMASTER,2Abwa3F5-ICgN-LSgwv_P9IKyzbkhY4nCkcGkNMq7r9XLQ,Twitch 다훈갓,472,542,509,False,False,True,True
GRANDMASTER,b5zz8gfnf0Lwu3cpa6F4QynhANp9bCp2usEit4tn4Dg9xXU,BRO Listo,607,866,826,False,False,True,False
GRANDMASTER,b1p95cveyUcnwJNW3I0uRuiTXSO5bABJeAz3Ads8UqIrTg,Cend,511,141,86,False,False,False,True
GRANDMASTER,6WiaZKHRine_BodQIAutjnHjd9UVke70L01LPPkYOMzLJA,이그 올,517,516,464,False,False,False,False
GRANDMASTER,cOW-vjX4P7m8R3PY_CEvoCCR3iujghS1ZMyCw2iw5xElVUstUtT8zoKxfA,산초 바란 강두,535,273,231,False,False,False,False
GRANDMASTER,aSPepMGwyGgaBQx1xpBuF445S2RKZSOqaOGp3_CUjwnNIOQ,마레리트,676,424,365,False,False,False,False
GRANDMASTER,Hw68O-lTm2Er7-q-0-Vu2BWdNCrMMICOqNThuL2qK1hyHw,유백진입니다만,507,531,492,False,False,True,False
GRANDMASTER,A51JxD-MZhj8b069wBfcYlbHIfXJR0Qz0H_Xc313ahhuQA0, 엘 림,617,710,671,False,False,False,False
GRANDMASTER,w62Kfe1nqkq_7S4-TLTbHydF0e-XsRrEygdZd7aeNsmXoHk,yangyu XD,601,400,357,False,False,False,False
GRANDMASTER,lFea2i-WrnYR8dkpcHjCg6W-IyUOGGIeWxoioZn3SctSPqD8NFDrW_wPAA,Yang Hua,470,468,418,False,False,False,False
GRANDMASTER,gALsgx8j0XNjf5hA1hPp07QjAC56zJQ4LprASfvYc6c6zOXNxIJutIDJ0A,나는 악마다1,495,118,78,False,False,True,False
GRANDMASTER,BcMd5YMFbl4lAIMB0jLIUkD95e9auuEHuj26s8FflE-RKQ,ijijijijjji,518,343,304,False,False,False,True
GRANDMASTER,am2GDiOAXlBBXf7HvkCHWazpPDu5GYCW6rGoMFs3TauHOj5bjBB-LXi1yw,Gaga baby,520,272,222,False,False,False,True
GRANDMASTER,2r6rDd6tHB-1_9eFZCOyzGLtgqGSnRyWzazwZLPparVYCE8pueHN7T5eow,12848923,639,815,773,False,False,False,False
GRANDMASTER,kWkKGtjy_EXRPZU-J5wHLtY8EJ43GRagCnZCzoZ6c1E9rQ,00SUP,496,306,265,False,False,False,False
GRANDMASTER,74TPHGiircG80d1ATRKEvWgZAT476jpWe6BFNy840gOWRg,sanzzz,438,224,145,False,False,False,False
GRANDMASTER,lG7tH0oh-ZDm0Wa4snMsACk3MyEBZjM9xzovTblZDwhQKs0,팀개못하면누누함,730,310,264,False,False,True,False
GRANDMASTER,F6ne32hFEulxrtevJcOQSmudaFeMMfjMTvcFRI4NhSaMRNk,룬 곰,522,159,119,False,False,False,False
GRANDMASTER,ocfd-OkuOV4E_38LAnvQ3i2F5ngP3up3IDxpZ6H0TSgtstE,가마니 우럭따,530,838,794,False,False,False,False
GRANDMASTER,Dd_D1Wm2Lv4BW838iRDcl4nFISv00JZEd2QthcPiiNDTInbAjKVwdju0SA,BerylSKS,765,91,45,False,False,True,False
GRANDMASTER,18OG4zHLYktvCPkyv5MTBYhNBIelJ8bhbOhiaLeHxNuHeTCRNOnsqwtsnQ,장꾸유,480,178,127,False,False,False,False
GRANDMASTER,Il3bYfu4dSLGkvqFGrh-JUN6hwsFBjfmGB7szfIUOKVTBnA,입털면 6완두콩,590,723,674,False,False,False,True
GRANDMASTER,0o2Ou4o6DlVS65BQcWlTeZdWSzVRBufMnMPHXM9YqskHsYWFMo9n_qwyZQ,a new beginn1ng,729,758,696,True,False,False,False
GRANDMASTER,gpg1ekQxAavSWYlEZ4Jamb9q0Jw7K5426I2TfiWMjBXH3dI,Mippy,492,412,369,True,False,False,False
GRANDMASTER,Af1KzOAwKNCoGr36wDvLqOyQvRbCYQMCHk-rKK5Gyqe32p3wcBY3Du44cg,Return To U,612,223,185,True,False,False,False
GRANDMASTER,z9naewor9uJLf27f-vkawE4LQ6qgplOYHJy5hrJNfd4KJCo,Kwon TW,623,241,186,True,False,False,False
GRANDMASTER,3o4QbR6ZnVAuISRPlK-5-ODRGvnnsl86VWuF3Pfj66A1YpY,Mu nian,627,489,453,False,False,True,False
GRANDMASTER,NpVh8H8OJuyXAN4qTM8c2OSiTkYtq4Ac23TJkH1vP0LMcAk,두개의 가면,639,1104,1058,True,False,False,False
GRANDMASTER,x_eKRHTgrQ3tYuyfoDIWGKoiyZewKqNQbJBgZvvhH7sg4AA,어서잊어,639,859,790,False,False,False,False
GRANDMASTER,kbmebeZttO9LK0qGIyGhs8V-WXgqUpIir1Dc_z55waROPkE,i am Decade,536,1058,1007,False,False,True,False
GRANDMASTER,8qaN0ogqN5-Hm4AVWSrHbRk-accshN_aNGdC_nMh8qW-z0EmD5n6iMeQdw,라데시 너어,552,190,133,False,False,False,False
GRANDMASTER,pYpl4zoI-Ea699jtPqIjONcAZT-j6En14C_IkvdBRuTomg,예진님 짱,449,279,239,False,False,True,True
GRANDMASTER,Ioj5A1Mh0AIZln6Q4YUkCUo5vBJHKb0yt6KjFdKsDS4Uz3k,Taehyoung,431,699,655,False,False,True,True
GRANDMASTER,PX1B0bWfMfii0_urILx7TjVShvz1Lp4BmsbkHBFTnPDLj2XKYL2JQ3Xh2A,호시니,590,75,33,False,False,True,False
GRANDMASTER,LgCrqsqDNXStzBdPUo4EwYGXmO7PA6FQDrl5muvAU0XuRQ,tulufan,666,282,238,False,False,True,True
GRANDMASTER,cej7Mm89ITX6mY7TtWmR1umlpkigCvl8RrYX3MOuWIeDf69r-B6UDbzFLg,Bilibili soO,558,451,367,False,False,False,False
GRANDMASTER,O-EL-EiCJRvnRrrnpXVCXRxxaAhh0MtOET1hthCp8tSA06TH0cagx6tVCQ,   rap zzx,531,220,150,False,False,True,False
GRANDMASTER,y7AKxAJLrshWk1cM79JHVXXIiKCyj36hUybnuoAjcIONhm29GKxTiQX8TQ,챌린저 그까짓꺼,539,105,56,False,False,True,True
GRANDMASTER,yWW3ji0Cm5JOC5br5opOmiSPkXf4a2-QdrU3esSklRlfjrs,LuLu Umi Nami,543,599,552,False,False,False,False
GRANDMASTER,F0ylBUZIjgKdiBOywR41JCWZFk0Jw8laUVPfxPBAgE8vqgfWKNbUY7uRmg,IRELKlNG,640,265,204,False,False,False,False
GRANDMASTER,bcoVJbLWI5nyL6BPDY6HTIjVmCIrvjl4r4EdQzBwjyO2eV0,라쿤99,551,369,325,False,False,True,False
GRANDMASTER,ckd01_f-Sd-pyXidQOwwxloulferF9MrSyYJlqLrQdei0CYHqWoCsSDGDg,자수성가하는사람,482,144,91,False,False,True,False
GRANDMASTER,OXfQvT4K8qAr0sxMXqgerOuHL_-CdrTnv0revBUYrYznJ2c,Love버프,432,190,139,False,False,True,False
GRANDMASTER,Nd8On-jFQKuMlQnj7q_b2BC_dqyV7ktKaGhNuDrDvL2XqLM,그리움 설레임,501,186,127,False,False,True,True
GRANDMASTER,wTeFkaAMkg6jqEgkMibaJq8yb78e9DdyarwpE9pu2OY0z2fe,DK Leaf,464,1346,1296,False,False,True,False
GRANDMASTER,7aKYPO_mjKRyYVLubtX-taiUwg6YMiE7Yp0q8xvyqbGCmvQ,산속의 너구리,486,794,763,False,False,False,False
GRANDMASTER,00RCDFJZcq3yxHLlAEzOMs-ucKUMEeiK90-n0jh2NdYhEx3WLj2azn_RtQ,dongsh1yuan,752,195,139,False,False,True,True
GRANDMASTER,6BcElagVz6UVAq6I8MNrpjQQicsSb7bbSHz2SHVu5VnJ4ZU,Z2D04,578,587,532,False,False,False,False
GRANDMASTER,c2KiWy8zK1nKCfIEW4T1YG37WzpnCai4gyZ7CgUTRFE_JBndUbq1rwmWYA,BZZZIII,556,1042,1000,True,False,False,False
GRANDMASTER,f4AYjLS2X_SRbzJRNQk-aT0TTwJm3fFoB_59ralOz3Aju5U,잘려고,617,462,422,True,False,False,True
GRANDMASTER,9mLI6wE8FIqrHSLkZZF66Zuxhm5RT29Vz0gqIZ9-2ZOy5FcZHgNt3a2kZg,yikemi,500,799,739,False,False,True,False
GRANDMASTER,Ha8gXxK5tlcVrN2ZHhHOYe0Yc9KlfqOtB9OeTzQqJkiUPWQ,qoalzm,429,727,696,False,False,True,True
GRANDMASTER,U_zrYvItX_dj7mIduz3lgJvhU0ISzkKWtiJ8siqy1Itvhg,레넥톤전용6,557,907,866,False,False,False,False
GRANDMASTER,eZUdXgMB5VHjvLEWTYdsjBmMgPN-UOZGyBtAn8HUddTXGvUebIpOj0zdGA,doleimepa,549,431,386,True,False,False,False
GRANDMASTER,QsEnrXNXT0c1k6vc7QuzObRQrKuZ7wiDr3Pxn64U8naBLQM,조광희1,468,180,140,False,False,False,False
GRANDMASTER,sAbFOTrFEhRuFX1K7OQLjbDdzKTHxaflzTcqsBvtkl9CMf1pOCIbwAc1Ow,jh baby o3o,435,132,86,False,False,True,False
GRANDMASTER,B51Jg7jWbxV9EEFEXFoPk1bbtybfYxtxoqa46ZQyne76Eb0,본투파이어,431,514,479,False,False,False,False
GRANDMASTER,PBgD6WUtlJvc4zV8P2rR_ASNOBFy3wbjnOq2n_nR7Q2TFLE,Leellamarz run,443,357,292,False,False,True,False
GRANDMASTER,Ob06X5THhHScvfx1hNOKYMO7FnI_COdlocXp91Z1o2oB6y8,율 욜,480,157,117,False,False,False,False
GRANDMASTER,lSaFbyuH9hJTzhT3j9JrBAQCoBxMBpnPW80thFF5SzN7JDc,Bv5y,655,182,145,False,False,True,False
GRANDMASTER,jTALPJ2dMMvESzSZni-nPLBylvnKh7fK2JSvgh-MPktO1Zw,Fisherr,729,911,877,False,False,True,False
GRANDMASTER,xXqK8Iu29rHbRYkdY1wfEk5it5VgP10oeIFQmg1nDk1OSFPjSKbENFzy-Q,피자호팡,660,119,76,False,False,False,False
GRANDMASTER,NwRFI55-BTWB3NRh3m4Iy1XzCridzrLBT4hmFej_FUQlpFrj5eTO3sNeNQ,FAKE LOVEE,477,771,706,True,False,False,False
GRANDMASTER,uc0DtqAloOSMW9C868KbZ49HMINQKUEPu-0wpt3KQLchvD4,예쁘게 말해줘요,428,383,353,False,False,True,True
GRANDMASTER,sAPKASO2JX9ikMsGI02IUEyBQzSIj4CvviM5SGSeptD63kIfFzBqOOrttA,load L92k8UEM6QZ,700,529,472,False,False,False,False
GRANDMASTER,ZuAn2SYE3qcfIxf6QArGOVGlCf85TdqsBfvqDjm_uIHy5ns,한국 렝가,430,470,430,False,False,True,True
GRANDMASTER,0UowFbURtE8N2fJuCF3JCn245NJcF-OtKVZJDIS05xTG6ZupZvRyXPRNzg,DK Bible,575,1075,1034,False,False,True,False
GRANDMASTER,oAsOwgaHKJYnqeKA7kvSXd5iH7CCuA_nxhLvZWiDGdtv49yOOBBULIFhXw,애달프다,743,172,118,False,False,True,True
GRANDMASTER,Q0sON02RDXA6IiygsCnPyMxyq_UNEwRd5V3aWWG8WkkM5SNCwehnp1kBsQ,Angddu,442,132,93,False,False,True,False
GRANDMASTER,clvVTR3jQ3UIrkJX1FNBKK7cdBxp5YI9_8G53uv1zy8U4mxGzepZobXPjQ,YAYAQAQ,730,131,96,False,False,False,False
GRANDMASTER,0C8GXSzUPQKwv80vCtLQ4hI5mu45lHYVZzOcNKLJuROw-2pi,mei  jian  xue,581,1165,1122,False,False,False,False
GRANDMASTER,q1SRvfBlLmKuIOXPo3BjI-WbP8hNU96MD1fghxuNyySEjJY,PuIse,641,523,471,False,False,False,False
GRANDMASTER,OoTPY48kjHwAA2Sj0TpGWtB63Lmw4v3NonzdahBDTzCIHIVo3o4FDYl0Sw,19old summer,578,362,297,False,False,True,False
GRANDMASTER,B-uPq-N0MTZeWkHze2gSSr0_VosGc60_Uv3Nlzx1X2UMdL4,Innocent crown,585,397,365,False,False,False,False
GRANDMASTER,IdsicRdPY0Fw0ACtVBaDN8JrfAYq0SXztzPuQL1C2hL4HVU,워너비해피,550,160,120,False,False,False,False
GRANDMASTER,VRSLBkh0KiOPKkOycfdHVA0A5SYDOrttVuHkhS_6jltgoNo,it calls echoes,655,974,939,True,False,False,False
GRANDMASTER,HsTFMiZPYTyz7RaDYjIUYAO8zI8qWkCnpDloRBLxIVvgSNlFiR8WVeI_Qg,1241235115551535,471,888,846,False,False,True,False
GRANDMASTER,xIEPyLVRuv3sJu42v8biX8cM_brJPXdlfQNPk_wNSCJLavg,Switch Lanes,479,305,260,False,False,False,False
GRANDMASTER,4qcdscmzFGNSk_MaxojOScviX4k1LE_zHfTft3ItDf833FrXHFasmzQwVg,lIllllIIllllll,434,376,319,False,False,False,False
GRANDMASTER,rrgff5z9z4k8WfwhDxw7zGsrw9srAq9Axmx8rc5PxvWM1B0j_bdDelz_2Q,애쉬 아일랜등,506,218,147,False,False,True,False
GRANDMASTER,6lNVDV3RO_i2NPjtxhEmxEmrDPU7Db5DmwDwsptfiNN3yxM,기모링딩동1,572,742,698,True,False,False,False
GRANDMASTER,wBZ_N9YF95IWy7hLPd39AJFsIZNB673UphqqrUaLe-YUTHgVPJG1uIvO9Q,46A,475,523,458,False,False,False,False
GRANDMASTER,A6wVhvwnn6DG7CJm8StzD_6kkUArzN9X-UHk__8xjZmmHIQ,시무룩한,445,242,203,False,False,False,False
GRANDMASTER,TLqJxY9EgOahn35HnMa59mxpZ-MolocwOnXw_NFaER4YjSM,ZED99,600,349,286,False,False,True,False
GRANDMASTER,LlHL3OqpVQujvmDU273EuMDxQISaNCp7YMiMoUkOmOaEJu1LttzVrqWI8A,go home sleep ,417,669,608,False,False,True,True
GRANDMASTER,syMGQDKZ5ygfDnxld_vlmYWTOsXeVwwFwn7RS9DmPeRK76c,Stay Or Be Alone,420,516,481,False,False,False,False
GRANDMASTER,Lq86kgak-cBBeeGZ7MOUWQKCwKR3xpk16BfaiOvHXmMFhDujvDRYMpu2LA,돌그자체,470,227,171,False,False,False,False
GRANDMASTER,zXDQwesQTyh0Wb_e5S_KCSH3oGKy1Zy-jtVqCBqrUoYmLgs,bbbig babamba,553,249,213,True,False,False,False
GRANDMASTER,UWN20gFLv1x9wURuVClkzdwWqCHqQfgcuAz627niR2RkhiVSt901ShmzWQ,베라국룰민트초코,454,127,78,False,False,False,False
GRANDMASTER,JFle_L_T0euEMOJxv5pPxGlIevQzkOUFGujScqxYCOXzf8k,VLN 히나타,416,191,130,False,False,True,True
GRANDMASTER,odL01vZfUyr_wHfrLgJfRykPCv3gLks3uVbo2R4J_pTGu4I,guocuozz,754,216,163,False,False,True,True
GRANDMASTER,WfIHuwITCHd32g3lMD4Nppvt47rN7Z4qu0hBVWnNR45j9kLOIKAWWuOTrA,wysjl,496,906,838,False,False,True,True
GRANDMASTER,faapGWOgP1BKxBxOV4NJRCR5Fz_vO8_hrCFdk_f7sd--jjY,신순댕,499,588,489,False,False,False,False
GRANDMASTER,3jUNS0lwgNVLwPi0Vrv3A9YvqJAg4vFIU4pDcWbLVhL1khgVb0hs2B-bdQ,Yuzzii,432,157,103,False,False,False,False
GRANDMASTER,mcK3--cLo0_jkIH6iqEajxhfOdqY1gir6oQDh_I8_JWH-nw,all my days,652,167,130,True,False,False,False
GRANDMASTER,xIetbOgSCHHcQkpv6L4TAnLbvLyKsXZjSldm0QWD5VXRTfI,쩡이는 귀염둥이,424,564,414,False,False,True,True
GRANDMASTER,N1fyJlPEQ_K_YQ5aYaZygLjfoCRhooyX1M1NZAsfSHTwpBM,은신 갈고리 부활,753,496,432,False,False,True,False
GRANDMASTER,35wnW2eW5DcLWI4c4CKL3J1FfFHejy_2-IQDMwaVas5gGA,조광희,527,300,259,True,False,False,False
GRANDMASTER,EJr4Dr7l83W2I_i8eRwjpS51tJxlx538cE5VCsUQ26txQDexHe7X0QmXeQ,vital0,498,124,85,False,False,False,False
GRANDMASTER,XmuGtaPVKDu9xzKmX-W7th0cq09H466j5BaigHqKqHGPfqk,fdadffdfa,515,125,89,False,False,False,False
GRANDMASTER,1rSEzo0XImLu63DuNOwVL_2CmgsqUOcaRuzUyuWHa0TRq0E,죽림초,466,944,905,True,False,False,False
GRANDMASTER,yLfOKnlTfzmC8gQZwl556kBznPIjofTWjvPU_X1w1Qe29ruiEn5Lgnjs9w,wananpyh,688,419,354,True,False,False,False
GRANDMASTER,RsGtWYDg0RJwNoe_8PSqbrCJCzW-unDGoVztKsDcJ6xII4Y,전 쥐,441,405,344,False,False,False,False
GRANDMASTER,1qP60KnRthsUx4UnvvPg12x6AuQsrK275lFsVFkCpq3AsfdLa5d2bBkJ1g,언젠가만나게되는,532,178,144,False,False,False,False
GRANDMASTER,RKuObb7ZpfUc-DGK_c69du29u4-VgpEKVE3aLoj6iqOkiMVJ6qogSqFVaA,huya  우르곳,523,348,285,False,False,False,False
GRANDMASTER,kRAZHUiWaGddUSuy-DcUOi8KZ4VgQzJ2K78zRw0fTfD3SA,PhasedKiller,619,280,217,False,False,True,False
GRANDMASTER,-ke5OqIVk7yMwUFXwupjmsXK7PfNW1xjGEB03mHkdJuFJA,wepoifjp,582,172,126,False,False,True,False
GRANDMASTER,EU7oMZqxLDOQ891xSmizcjQDmajC-FMGYHIOuXbaujU931E,실수는실력,631,941,889,False,False,False,False
GRANDMASTER,F0R9IDNvyT9ydQ6fyf29FTsH3WJN8_S2ur45fWLP8SG9KTk,민폐1,643,502,448,False,False,True,False
GRANDMASTER,VM9d5LA7mbGpTsk-yeeJePNL6GRAaKnGBEaPemt_mq4KiKRNNIh0Uo9IrA,PaidInFull,446,208,182,False,False,False,False
GRANDMASTER,oXC3BNOYMCzIShoYFKb7wzDXrYfyzr3sI9vFHAncsCFZSws,황진한,541,115,73,False,False,False,False
GRANDMASTER,qnYM6AFnVT6Yf-qOcQpd52h2D27LYfKzV3kvMCHzs5Ex2VU,Sadman1,454,639,594,False,False,False,False
GRANDMASTER,-TkORybVl1PEaiZr9cdgc3vAADIlm79cuQWmD-GspO4YXguY,가민준,662,281,231,True,False,False,False
GRANDMASTER,Di5Q6y_rDveF8n59dExTZyZFZ6JLsE_LKSqbal6lIS4TUJM,임녜준,416,410,374,True,False,False,False
GRANDMASTER,os9W1jiklJ9x6Ff8wiZ46f7rbRlljnxadquYTcRElgnblH8TXjnXj_hf_g,sword god14,643,377,316,False,False,False,False
GRANDMASTER,DxzcQlELp2EtnVS9r_b12LqLjSPo5HjwquAw6X-NDyAtT6A,Choln,429,294,265,False,False,True,False
GRANDMASTER,aMRtiRc6UuhLj0uKgPoAiFf3PaXMQNHpZyANlrYoFpI7Vco,255LV,572,180,117,False,False,False,False
GRANDMASTER,j0EdcOUPRu7Mvs211hdUHFierIugAM5DMqJLq_lsQ0OHW9w,Serious game,462,806,774,False,False,True,False
GRANDMASTER,i205IPToWHnP_RyfiZ-Lyo3yRXQXMQtL2ozLkkWNcnbFGyDJ,LSB Courage,519,610,572,False,False,False,False
GRANDMASTER,nIzSXjtmI6B2KGLXFaz8LnGwMLHsXcdQ-krPNzM-t-PP-vY,impupupu,614,449,405,False,False,False,False
GRANDMASTER,hAbo0RlzsrBSLqnH3rKn-XcDYOgcf9yIBEiksj93JGYBTQ,대포내꺼 퉤퉤,571,359,294,False,False,True,False
GRANDMASTER,aQwVWGG8rrEcAFEFMZrgFaq2M-TVVFM7HwDssHtjki7Q8VY,무적별사탕,485,121,80,False,False,False,False
GRANDMASTER,ZhD995kbLafh9NOahYUpAG6AwYAZAsKJcRsO3INIAXcmAg,김따코,637,696,647,False,False,False,False
GRANDMASTER,v2lZ05D05r2DQcJMuTMYNqxymiZFVetVdZDPWQh69prCvdk,Je vous aime,643,666,608,True,False,False,True
GRANDMASTER,gv9MBOB4KygGRJf6xj3D2XHrYAafGbuhe_chC0f5ulEWopc,Sutkressuree,646,973,932,False,False,True,False
GRANDMASTER,rrNmkK2Gy6tglR-qcLDk_TYgRbIx512WIK9KIXcz3tIHUqeFf_qqKOvspA,jltdtimy,522,490,448,False,False,False,False
GRANDMASTER,Vq75vhbk3-Y6og1C2ASesyY3esqhDD1xuZjUkT9ho4MM_6c,아현누나 이쁘다,542,658,605,True,False,False,False
GRANDMASTER,zNzz-qo5IZoiYiTFBxzFzlrR14xIM5delZfVzetYF__vFAY,LSB Pungyeon,583,1521,1481,False,False,True,False
GRANDMASTER,9f7l0QoQFWi5wR3U9eTW5woOebfDUHStX87mOb87FDMMkjY,족밑밧족밑저,508,474,421,False,False,True,False
GRANDMASTER,wk833IgLm5cDHIRfRmkZb1j1P9Z-iB5el6qa7vF3SuKYtaKDYCNQ3DpXHw,Lpc11,583,734,669,False,False,True,False
GRANDMASTER,lINn-YrD2xm7D8uKSXEOekvzz-orn86MptfiCqiL_FFBlfQ,Nealry Dead,426,480,441,False,False,True,True
GRANDMASTER,1MqBQgQtf8WYADhsJySFfvc1hzDxnP8Zj_-q0j6bdkbxV0yj,성광스키,431,317,286,False,False,True,False
GRANDMASTER,JQbtHyS-lD05Q2wga_3b9AXssDdIkF48kXLX6gPbd-Xxqz4,큐 지,430,265,190,False,False,False,False
GRANDMASTER,NDl6_vZc3D-GjgdDjcWT5QoF0W-KCUerHPSa2cCf9nwM3Vu_HOqqCetW3w,Kratoscc,713,157,94,False,False,False,True
GRANDMASTER,yt6qP4jmvAGPUx6yx3GvDdfJDvpGtDICZFocfps3Wzu1Cn8,ANG TV,430,537,512,True,False,False,False
GRANDMASTER,koKRbEPrA1qal9zXXu2vpSxW7SODMyg1D_mARjQ6jbkzF3LspG0n2ziT3Q,manmanO,612,693,619,False,False,True,False
GRANDMASTER,4-Mw2J5Gk_0tgaqnO8nSljVxafCMb5PDNpZtE_q9tDNcafM,PTN Howin,449,931,881,False,False,False,False
GRANDMASTER,xV97mawhMjmbvUBBhrUFNbBfdj4j2jnYndaUjSeJjS_TKL9QOcUoZkvy9w,죠랄죠랄죠랄해,484,196,138,False,False,False,False
GRANDMASTER,ce_Iini0-rj_j5quKS4MxCl8hbdyfLw_KhaSBiGUsmxHQqg,KT R ADC,505,906,885,True,False,False,False
GRANDMASTER,rzNErkAwh_tIOmuzGzyO8CdPk3EjSys8ZOjKS_HYsACG_Q,정재만,420,403,366,False,False,True,True
GRANDMASTER,jBt8isEXcmg9hg_-Fj02XkkfpfT2dxEkqrt4RNSwFGIyh2o,혜지King ,418,607,565,False,False,False,False
GRANDMASTER,J1ABm5Fw1eh0jNtLH5BLKxf8R-JHcjk7MYOTNOZa0j98pVJZvwhLsv6Wqg,써연누나 이쁘다,492,717,646,False,False,False,False
GRANDMASTER,Z0lYGw72fVZ7zUFQuWa54FWJZxvpFtVof_RrHJwGDUHTkwuSyXeKnqjyng,mengwolail,531,429,349,False,False,True,True
GRANDMASTER,7mm9LBnnQ5IfY83l3p0Ecj7IHnPVgrGQjxSGhfC3-D6yx0o,토낀 토끼,611,427,389,True,False,False,False
GRANDMASTER,Vf34RHnJph5PS4kF-qP0QXJkdb4wLtxDu9QXXDOz8h06VX4zGPD1mcZBbw,홍상현 암살부대,452,601,531,False,False,True,True
GRANDMASTER,YXAXMn5o2JWl1ywCEyNeuUwluHXDB15WY7lOaRqthQZ-b3E,Indexy,663,1236,1188,False,False,True,False
GRANDMASTER,yA7cHyP0FEfiJALtLktNX6kFzngqZZGGV-rc_dHVcvzMxyo,l3reeze,538,475,429,False,False,False,False
GRANDMASTER,q9JhSpp_BEvnA5J4lkmr1kxvGXMaq5aZsrSmiFZTzJbwIC0,NEED HER,639,448,397,False,False,False,True
GRANDMASTER,vGOlIvDLVcn_e1Y5qcXdbJOBqoZvrWpOhWfVrm-DX5ggdzrWAwsBcPpJEQ,wuliaodexianshi,488,1220,1162,True,False,False,False
GRANDMASTER,aWk3DY0bDeGa2XhwbrFSAtrizrSJspUYIATvlF2IMMxtq6k,원딜요미,419,432,399,False,False,True,False
GRANDMASTER,IZtVAhp8EeqZ3-IcNMbRfiLnJZU9bWprqHjadQdIzjN001s,BRO LukaLux,694,508,454,False,False,True,False
GRANDMASTER,EQlQLkG9_dYF2-v5Pst1mADGWiwUEkHDardqtoC5s78-pE_u,갱값하는미드,561,1046,997,True,False,False,False
GRANDMASTER,j356G0FMSfM5FKK2BwPYH0zqHRMEvRlUpw5dfayGLTUgmCo,헤이스트챌달리기,629,1174,1141,True,False,False,True
GRANDMASTER,csRXRQAyj_5CzsGYHbS70uy5ditmdRVJ3-HmDu4LrSgOhW4,다들말하네yessir,465,774,731,False,False,True,False
GRANDMASTER,Jogzad53bsyOkuj-VaFFDipRGXP-HilOIYH5M1nZ6ODmF4k,모찌베개말랑말랑,417,1688,1667,False,False,True,False
GRANDMASTER,lbOyZ-_Yk01F1Pe4kzOVHfMqHcVWJUVjxK77Vu7Z8vWZGWw,01 10 12,565,162,89,False,False,False,True
GRANDMASTER,zcVfl-iS04wvCE8uGE-5oGhsLGirvUapLB16r2-X8cCcdvU7ZT1UDq92zQ,Tryndamere777,467,81,58,False,False,False,False
GRANDMASTER,Rpvw6OZpGyzMl0WwIuDwmiiX7ZBjguvR7fUX4tPWdCJl3YU,제드하기싫어,486,261,206,False,False,True,False
GRANDMASTER,kvjqgaVLPfgqeI0OxDYvsG90xBbceAzfjLkrJ_1AKqfVmmA,홈런볼 다 내꺼,660,1008,969,False,False,False,False
GRANDMASTER,N8UuDNZd3l5oKaMPOXzLTd1_FmudWnbpKZFWOLXStllSJoQ,당신은게임을왜함,709,798,764,False,False,True,False
GRANDMASTER,yEDomrad0oGtfpREK5UMhSj_etG_qhmwmTwI2PEQbCoEK3I,잠수빈,499,460,390,True,False,False,False
GRANDMASTER,cEyZVD7-qSCnf3vxxUyDUVNv5ZLJrsqlqW2vRdtfr_vFECc,내목숨은아이어에,426,222,184,False,False,True,False
GRANDMASTER,SiOaKJnt7o2qOC2OIJOhG5tx1E4gBzwb3o7C4wiXz7o9Wf3NKURhGdn2Pg,kvy khavy,521,1082,1040,False,False,False,False
GRANDMASTER,rBEaWKA-gzre0u4OYKSWfBPtmq5qOaTeBzImfx9F6bsqKuw,닿 니,420,236,186,False,False,True,False
GRANDMASTER,qykMr8l9KmueEQhKr2Q6bLfciIdz-GS7iRflAY3A_oLK7IE,Fire man1,516,468,434,True,False,False,False
GRANDMASTER,X5B685COl-vhXmpQspx7I_uKqUaVvzPFtUbrh7NksDsXlgg,서폿 is DOGU,541,249,217,False,False,False,False
GRANDMASTER,uQVcSn3zEdihWPTV9sNvEIPEtnpq8GMkMUnW1pxV5e1F4ec,베인장인요맨,731,367,328,False,False,False,False
GRANDMASTER,_eLgUdv6OmqQ-nxKgjdED2tuGyFp1vDnElE53DPl5jT0JiNX2DrQoN1iag,떡잎마을 시민1,557,212,170,False,False,False,False
GRANDMASTER,0HyPDsSNvoyfqDpXVppT5pZlfvdCZPTYmKyLc0J8w6FrBZw,CCRGB,422,221,190,False,False,False,False
GRANDMASTER,sj2piTXwcL2BSj1SJELvrD0EMN83bRrL2JaSaZC8nqMLRNI,H Agent,528,936,878,False,False,False,False
GRANDMASTER,XNelZG8vMMpPwg4izobc5U9ARPPZCZPy-lvWu7ngbm2N8II,kismets,403,398,308,False,False,True,False
GRANDMASTER,QrUD-ekH0_Lh05TNuxy06VuqUiL94KjcWnVNoW8YSLYJ45JG,LimGeunWoo,680,552,498,False,False,False,False
GRANDMASTER,wkv0ojLlYImWmAUNsfZ-Di7ZytQeuY5BrEyjXq8gGuwgcgw,아이린,642,436,375,False,False,False,False
GRANDMASTER,dXlawAr0VkQuneu6Ni3R7RaKArT6a36rwvpVEXCoYKptHRw,znlydgyxyd,496,658,627,False,False,True,False
GRANDMASTER,peT6Ch9TMuIpDpvtxyc160QanMPWSyhOui9s6P9ylHdxUOKKeqGxX-wzbg,첼까지닉변안함,475,521,450,False,False,False,False
GRANDMASTER,lefKmH16_Xp2mJHuhd-e8_uW_jPTFZlXq34MPT-l7QgYUBc,즐 야,444,695,660,False,False,False,False
GRANDMASTER,SXRdRvplDPx1YRrUofzAeZAN_PNnOkl0n0XkNWhrQD5jAxU,무시무시고키부리,555,377,342,True,False,False,False
GRANDMASTER,tzMuu7k64DUQ95DXNSuFtUlAvOObAapvdf0w62L141-NHsM,LOOK ME SHOWTIME,649,629,589,False,False,False,False
GRANDMASTER,ptc2QPP7YVdJwf3W85LtL6xmBJiPlCf8gC-duaN5rUz0CtfQ2FxIsYlSaQ,Misak1,482,124,72,False,False,False,False
GRANDMASTER,6pRt2-m0a8mbnfag6WWefzjQIdHjndps3dd2gSCzIJC6Byc,wufawufa,636,815,770,False,False,True,False
GRANDMASTER,ThDo0YggrsP8GQ977dGu5L5T8j0uL7nwpssuxQD02afoWao,조까안해,642,640,577,False,False,False,False
GRANDMASTER,riaBZjAEYgeANLN14wg3H2epibz0utCPhsZkytXB37JTk6eD,woooooyu,477,809,772,True,False,False,True
GRANDMASTER,-7JzWmV9Bo30F1-tdqi2diuVFAmdwKYVmIzdckq3Az3q-nk,청희야,480,301,265,False,False,False,False
GRANDMASTER,zjsx4TGwNGiqW6eOK9uW8PirPOzKuYr73l7rp7uLiKfRvoUHdzlyHf26zg,맘 편히 자고싶다,474,238,200,False,False,True,False
GRANDMASTER,B5H_hrtnUK_tF7Qb8sVJUxZiezJAfEX6ZK6NaMdREYcT8vk,박슬온,450,344,285,False,False,True,False
GRANDMASTER,L1KCnFflXUaMjm5B_U3wUZA-1Vtbgl8XLWEKImQ9glrS0Tk,짐승의 강타,467,386,355,False,False,False,False
GRANDMASTER,5wsCuwVs7a0xRqO08eQm8dvssxd_vKLkfPtMAoT1zRS5DNE,해강고 원딜,580,468,426,False,False,False,True
GRANDMASTER,KdnOGxmnTQ8XyVYKWuP_-WlAGEQ0GvR-9pT_KMhVY2PyhJgkoL_hhILMSw,liu hen ze 1hao,462,374,318,False,False,True,False
GRANDMASTER,S2i-0PQ3YtCBvBEgGChd5Forv7aefjKCCS34DVOzPwr1mlY,아랄아랄아랄해,555,725,685,False,False,False,False
GRANDMASTER,1dZ7CM36YXPFSq_4bmG5KfD1lbnqXfk_75LKsboTVqiBpuDtB-PBC-chDQ,jingdaijieshu,510,857,806,False,False,True,False
GRANDMASTER,Ok6b_1xABPClzacCIL1cbA6hD6AVEEZ8JmRvJRZwZ2vVJXE,superlative tool,541,1136,1082,False,False,False,False
GRANDMASTER,g6cuclmFzhvhLsIbFmP5-EFrUT7hZN4nq3lJ4NCDIcSlzq0,hyc0505,422,738,708,False,False,True,False
GRANDMASTER,RYxxNEr1pm14wuxb09tWLjKqO_0W46enYVxukRarIFHTiAZTmzOQZ9hLgQ,4cm,531,413,355,False,False,True,False
GRANDMASTER,Hd205KbPUNQRu7c5xqlANGTVAItAH4G1cEaem2VyhhSUwyQ,Gen G Winner,558,495,453,True,False,False,False
GRANDMASTER,6huqU0WjASvZg0x_bQXdIH5tEMFfTzQefMXqvCtx6a4o-3g,Crulser,680,1329,1286,False,False,True,False
GRANDMASTER,_u3DydUATAXSlVc90B3UvekJJddjmN3NFV1jQs1Er1FrxQ,광팔햄,495,596,549,False,False,False,False
GRANDMASTER,9FoAWyC0WuXZVyHK_Fsqr_z5fA3QyoT829mNEybrj3ZBT_U,Star Supernova,508,713,664,False,False,False,False
GRANDMASTER,wki1nmCS2OxhjmJp7H0Yj3L7mGbdCuulQIUVaGJ8drW64Xk,Gen G Lospa,527,806,764,False,False,True,False
GRANDMASTER,Jw-zLcESARHg0nuFb17-4Up10SkQ3TVAQHzsNjk9tsk1BQIA__-6T5bbEw,씨야보람,483,133,82,False,False,False,False
GRANDMASTER,Jm3433Pnj5GvF6gI6Iso_PbN2efjxuDisYOgqrLxM42KhFCRt3116WA84Q,그럴 1 없지만 ,461,473,418,False,False,True,False
GRANDMASTER,etgVtcod94ReMhTeAkaYkwDdKQlmiTu17JGxPgZWrOSrblY,빌었어,580,276,239,False,False,False,False
GRANDMASTER,1q_B_F-n7l926r6x59JD-Rr8ahI6zjiEBDa_ozmBqzW4xwIWbvY8E6J7iQ,Is Y0u Down,442,102,60,False,False,True,False
GRANDMASTER,1ZjCxvjinAXNOAxmGh4f95Y6cNlxXGyiKLdMpjk5H1J9pdk,이 쁜 채 팅,769,178,129,False,False,True,False
GRANDMASTER,nhnHUyypkDvfK4sy-af1VF1u9Md1ASgWe4nkqd4vckYmpwA,네가 제일 빛나,514,419,393,False,False,True,True
GRANDMASTER,XPhBBWfZHOfuYy0VklTPSsHnecN1G-Swe26L4KCPlsHCFi0,싸우지마 애들아,478,240,196,True,False,False,True
GRANDMASTER,X5-RZZ0yJAZAgqSk2G6aTL-7JjahfRYqviwWqpFYoBHwmiQ,여긴지옥이분명해,535,238,184,False,False,False,False
GRANDMASTER,IHbpds738Zb5eMWbaeWXATxOpdNn9vOTIYf-MTzoM4viV30,제드빡고수,521,195,126,False,False,False,False
GRANDMASTER,w5m6wHwJmHWl1-1fmJjVPDmUNQTt7wNXIovMUU6ilAHsMCo,말걸지마라18,471,675,637,False,False,False,False
GRANDMASTER,j9dt4wyI9dGUxOd7-tZNYSmGm63AZg0MD6EHsu4drGQoZ0I,나 한상준,558,361,325,False,False,True,False
GRANDMASTER,PZniVHAd44SqWyRPKI8B4PaHSnwCYhd0C3DA8CZQ4ojQDrxsusLwgBZwgw,Leminem,570,105,68,False,False,False,False
GRANDMASTER,-RHyR3hEDr8Iah2oCXB8KAHq8ht-J7GPQdCKgAquCZzwj5w,Finale of life,666,1454,1397,True,False,False,False
GRANDMASTER,nsYX5jThIU03No6r4ugtpGKdwwWRAejst6iaE06Kaxp5sN7Wt4yFUhczoQ,Elkqwerdf,684,866,815,False,False,False,False
GRANDMASTER,Z4_TGSYfjKiOKzor2qWQho850be1gkP8tfioUyNWp9OWEPo,엄청예민한상태,627,409,351,False,False,True,False
GRANDMASTER,8FmnRDTye3VB_IfgfhChPADklopcHlOBtHHeq-GR1FhmibKP69D4sHLOhg,CITRU5,688,147,92,True,False,False,False
GRANDMASTER,1O5jJ8thbpALHNaTydKE5Rd2F5FrcfZPCjxp4r9odMpTyvpA,Mg mid,632,1184,1128,False,False,True,False
GRANDMASTER,2c1amybBotsYzrAWYa_Gfe5XQPVpdMCPxrGkVUq8o1W4xUo,HashtagWin,672,302,257,False,False,True,False
GRANDMASTER,ctZGU_Xd0muljNgo31kSoUptas2B3_7Cvx1IytbayPASA24,hao yun bao bei,432,316,278,False,False,True,False
GRANDMASTER,Pe2uAafnlLp8sYykBOzvtVhbtf4OXs05tl02JwgXGJWh9Q,지조있게,423,1065,1032,False,False,True,False
GRANDMASTER,yoRW1Tb9ZLNqLsb7ABNghT_xKwhJyig_FdmpOnLHsP7ZD6c,부산여행 떠나기,667,567,524,True,False,False,False
GRANDMASTER,X4jy1tqtpxc5y-bSx2Dr5GhF9r386RT2GexyxD3TCsUFbAs,그라가스할래요,502,249,172,False,False,False,True
GRANDMASTER,1rXBgGzmvYQuRxKW1SGKYSwl1FzVMITj8AfzDfZmIAIYH88,pzz 1,609,275,231,False,False,False,False
GRANDMASTER,C772VAS01PQkEQq5JNKydXrd0Eud_PGNZNoTqM_bo-EQ5Zk,실패따위,601,451,409,False,False,False,False
GRANDMASTER,LdQz3td6IL3G6t6jB3TmUgn1v6VpYSqkPBrqLBegTC7309I,Ottogl,562,691,633,True,False,False,False
GRANDMASTER,aRLk-hBaRyny_ltH7u1pXnkrPDGhKIuXFZ2DJWzx9ZIKUck,Jerrya,550,567,523,True,False,False,False
GRANDMASTER,a0R5queQLUYDLW30QRRbkd2WMa_apPFnn7aY28UlEUmmv_WFE-Y2mDadcg,oilf,622,468,387,False,False,True,False
GRANDMASTER,qzCLVo1TOWocEYnZw7eMSGF2UTdhabPWr0vF_qNrB5b9mRw,alasseo,618,525,483,True,False,False,False
GRANDMASTER,m7GJxcGwXXw6y_8w9MsbcwbkSc4zet2dBdXTWTaLAFQNz5_u-JB93qQwEg,gggameee,580,807,754,True,False,False,True
GRANDMASTER,6d7rKczHEZCna0F-HsXuqirncanliGK_IegA0pLMv7pE4M5dTsUjv4lBtA,bai si yyds,694,346,272,False,False,False,False
GRANDMASTER,5O-LcOR0JKfZl1k5WH0WM97GWWEzkzi5ihRNvIm49ZqxQCs,Mla3,431,205,181,False,False,True,False
GRANDMASTER,2hhsbij0cn_nGWkBa7Aj0ZasZriYnzO36bODvN_IK6HLuea_Zy6KDr9r3Q,포슬포슬 감자,419,748,698,False,False,True,True
GRANDMASTER,g77fifN2VvUWmFHwcliQ3118I3JvefKrCN2XnemaUyOfV2wttihQ7_sORw,Tar7an,670,712,651,True,False,False,False
GRANDMASTER,Tz_TYtKJcZ9BNdhCB1iqKTQzfuXCYXXKrgD1Sv0AJ3qlBxIj,T1 Minous,428,655,616,False,False,True,False
GRANDMASTER,tPOOGeXiQ-ScpGvYaBwTcN-iFrDXiKeEROxcHxw7St3bZWc,루치TV,485,674,639,False,False,False,True
GRANDMASTER,1meRic_KYTLbdvwx5UOK8Bwo3rwuBFTVhEF-egd7PvxY8ws,윈터 gongxi,557,268,215,False,False,False,False
GRANDMASTER,O5w5fJfgOYFmcFiakSn-FSuiSA-nMgYaKXuqKlA834S189o,희태시기,612,829,787,True,False,False,False
GRANDMASTER,f1qFhV-TGsZ3ad8dd586ZuaSlKVB511L6muNh6bVBqCc9Sw,날쌘 화살 신태민,429,893,853,False,False,False,False
GRANDMASTER,cnKi-vwZ0bFBpVpxfkKAL7Qo6aU0MPNS8CXdlY-VYjTDz6Y,BRO TaNa,566,964,916,False,False,False,False
GRANDMASTER,FwlcR1SJXLzLH4pYO97ZrWIZzE-yJT-mbv-b5eah3VBWJtlRAx97iYRdbQ,Yagao,653,829,769,False,False,True,False
GRANDMASTER,iRt4REkqejUG09pVw3BMSTELxHD_4CMGmVz_eZyQ6N4ewfQ3Hj4pgJtE9w,덥지 않던 여름,556,109,56,False,False,False,False
GRANDMASTER,1raUbhXgvtvtll-gniyl0uC1ZJb-zJHxk0MyhFLYDOJHdas,X1LANX1LANX1LAN,499,512,482,True,False,False,False
GRANDMASTER,-0B54i1EC6QfX2KA0wwa-u5OqIQIm8Zu2ItBaEoHG2l3eA,타락파워조이,673,329,293,False,False,True,False
GRANDMASTER,Vm22-J8b8UvEJ3wnX0HxNu8R1aQoQz7kV9VSmIOHgSBCgg,Happy Cats,641,597,554,True,False,False,False
GRANDMASTER,0GSa1YyXjna1JxNDcIJNGZljFCQArbWLJjoOe_pRvMwhyiWZl3cyCAnMcw,이스포츠 프롬,701,235,178,False,False,False,False
GRANDMASTER,4WK4mALNCEz7H27lzdaJD3vSO6nLnBTNt5IIomDzffY5sZA,Shadow Supreme,472,316,291,False,False,False,False
GRANDMASTER,JKWq0Z8dEKqbDtaEbDAiwMcI1HG6mDckcH7xCYBwhuxbIeE,Liiv Howling,489,547,500,False,False,False,True
GRANDMASTER,dkjvJQ8hsIEcScvgFYfBLm93QX5TmVxvytH4KqMukrokbw1VUkRcUVRwoA,암흑 우주 럭스,546,242,178,False,False,False,False
GRANDMASTER,fIIe2uBTModbm2PKFfdaR11t0fwDrF1frin2s65rMLOWGkhk,Quates,519,357,318,False,False,False,True
GRANDMASTER,LQflwx0tZDhEMQeG8YzFw4Re_DSbqx14CJktqtoLpipcYOM,목베개도마뱀,414,435,323,False,False,True,False
GRANDMASTER,LEhqnSuk-aQ7qXucm4vetdxmIPpofE4V1IDNwk10tWnMlQ,98K,731,661,567,True,False,False,False
GRANDMASTER,vHYv-Q6FyJnkSfulXb0LsvkDkuXyyGteIpzQlt37Zsmji24,노 빅,692,153,109,False,False,False,True
GRANDMASTER,v4qOw1jzqs7vj_zOarowIjF_fH8_403bdwmQBNeA3zMFzQA,T1 M1reu,498,427,374,False,False,True,True
GRANDMASTER,RyCwDNKw0Zqd057eHg953ya7vCoXIWcKaQz_F2K_6bd7AZQ,qldurtms,535,141,106,False,False,False,False
GRANDMASTER,W6w5U823MRrKpoKgJX80G023nLlXTeTwYh8EyGKcD-eq2rTHumfk8BvGcg,sakuradog,576,251,207,False,False,True,False
GRANDMASTER,Mcoz3WQB8La0eZ4wXktd6Hbg5msF5TmPwXnOYfPsBMmXk2I,black kitty2000,483,524,490,False,False,False,False
GRANDMASTER,K4GOWXeSCAIp4yrdpqi6ZPiAx7q-Jhv5zC1Ls2y-nKkMUwU,10센치 fan,495,175,131,False,False,False,True
GRANDMASTER,LBTceoZmUc5mhEk6394uBgXq5_0UFAUUIRSWSB8ZLwpTwoo,불멸의무빙,589,269,224,False,False,False,False
GRANDMASTER,TdtZ7u9i58U71EH2rcMpgCJb7gFXaLxAiAwVqa46FfKyF6c,지옥 멍멍이,418,179,158,True,False,False,False
GRANDMASTER,tNWxMIExPKgOmFeFscdxwmeBKiZNPlE2PV1a8bNtZX54DA,유미는 공쥬,427,650,585,False,False,False,False
GRANDMASTER,IXF4HplyH6qLQDSUapt9L8DIhal1ybyhXeXpRwY0F5l7B9vBBI07tB495g,매일 웃는 얼굴,525,532,474,False,False,True,True
GRANDMASTER,hF-WGRx_DdTCxIhCcFyfu3XsWxsMVNNIwDdeihYmbGncZQc,Rumor22,497,402,371,True,False,False,False
GRANDMASTER,yuqzS7nXCgtHQ0_T0tWMc7CAWI4KfKSHaKbgRvZ6Kq_Kq-eDnhyzgz0YCA,M416Kar98,430,486,388,False,False,True,False
GRANDMASTER,Df7DwsAUZL5mW5zx4I8XncIrGj7bsC9UMtyirdE1U5ieYA,GaI25,437,285,251,False,False,False,False
GRANDMASTER,9OHqJC0_N4xVywiOWhFL9e4GKq8k0vTX4AOS2moMQHHpe5Hu,T1 R ADC,585,580,525,True,False,False,True
GRANDMASTER,dqbVIsQrgKmNImRdObwoBpXW0Z7d0k3OPwME1ujUovk10hk,Savage,754,1358,1293,False,False,True,True
GRANDMASTER,KXXmaW17UyQKLxPHvL-0a51an4cyYGh0gP10pFBjLznYUvMK,Over Pack,511,182,151,False,False,False,False
GRANDMASTER,NLXUX_F-MnDLeK1_Kfc8_6mzvFNiefJRDfqjS5nwgapSVAg,Set it Off,499,473,440,False,False,False,False
GRANDMASTER,CO7Da8gnkEax9zVLqEcPiDR7iFPYS54lHUEjgfFzlmwdVBM,ZhanQi,483,163,113,False,False,False,False
GRANDMASTER,LIEnXq6i6XiHObV0dj1FYqnhF-jn37tDp-1xJzA1-5MnDac,곧 있으면 졸업,446,618,581,False,False,False,False
GRANDMASTER,PXvRYR8_asWECTXrRwOahFrKDLga-qKzxJXqQHPz03HmC7w,a1da2d,487,1304,1267,True,False,False,False
GRANDMASTER,YBjLD6Uk4Mq5YRY_UeL5ceeYhB6ZGYb-v-FCQCvjQuIxltc,Seize the day11,585,402,375,False,False,True,False
GRANDMASTER,d1veV6qRMHGZvEO5wgTkP6DlYWoCMokxzjb3hW0ExeZYfp30,오빠거긴방귀구멍,420,279,254,False,False,True,False
GRANDMASTER,pW3oe7jM8KMDNLGOgxVVBrdd3FOD_TdQ_xxrmEox5cnP030uHjdxzn4Q0w,ljq1,519,329,272,False,False,False,False
GRANDMASTER,5op5fvv5EUwBemXnkgQ_H1dMBqbDl-m36xhSSGiBRH1FNxWmYIh2TC9GGg,huizaijianma,462,714,679,True,False,False,False
GRANDMASTER,Gexl7AuVfGl-fHKP3ff_DAc_dMPqiIF-e1U-dE9Q-ADThQ,겨울잠자는고양이,440,482,436,False,False,False,False
GRANDMASTER,SZE3yB3jbqhieX6HiKC39Bo_TfjDoXIkHaVjLYQBesX4REQ,EzrealKlng,440,175,137,False,False,True,False
GRANDMASTER,pv2Z68vapcjUY70U2t0jH1rzJhq8L1vQ7d7L5OjnBqqxBWF2NDlhcuvC6A,KT R JGL,442,781,737,False,False,True,False
GRANDMASTER,S-xPD2aeA28Vuqgn0PTuHOEU9lm3aTx7jg0jEEzEV6Ej0fo,승승웅,499,241,190,False,False,False,False
GRANDMASTER,CCH-KPWWtTp89LilP6dOoCBtwB9S0NsC9jfTbOKZzvTujqzU0vww6Oqd0w,unlucky boy1,611,1152,1096,False,False,True,True
GRANDMASTER,4upq9viDtCwCpUKo1hOzPqXJsNOo0w2Xl11eu3dVOYyMmCI,해병대출신미드,432,127,90,False,False,True,True
GRANDMASTER,jLVrhz0vcbaAZKgGUkDfjSqYk7W-CIw6Bpg9mebHqlGgUuO0,04년생 원숭이띠,466,312,274,True,False,False,False
GRANDMASTER,JpZGevbz-RW0Or_83kEIgqmviFMxnHCqeFpo4KdFGw_uIQX1,빅딜 이동하,403,715,684,False,False,True,False
GRANDMASTER,lTn_4sIRk-iv2sa-SNryczH3zjAd2u7tIg0Kwkda-kBp2xQ,열심히해볼생각,599,563,524,True,False,False,True
GRANDMASTER,AsQYIcj07wZaWboG1-rzujbYip2mWqP0Zszl8rqn96IPljQ,교잘도,706,366,319,False,False,True,False
GRANDMASTER,SvwATDkPlaJKorw_gjLbJA2-3aOZ7JtHPLmv8kT1RYu88BMzci5hxaK9QA,pdfgh,693,348,274,False,False,True,False
GRANDMASTER,KzFJ1yZMKMQ3fOQUP7afAgrPGWE8pK2CKcpvUvt1yX0Dg_toMnEZrcj5hQ,wu tiao jian,592,916,861,False,False,True,False
GRANDMASTER,s1aRucsbOGk7ekm759m_DkNNG1bA8E9y5bx-FZIAdMRonfY,Chengnianren,575,1355,1314,False,False,True,True
GRANDMASTER,XymT9msgTSrAY_EGwhTogOBDJPA4_6uFbpFmTDL8fiFWtrI,페퍼 파퍼,618,594,546,False,False,False,False
GRANDMASTER,K28ZWFJ7-UQ25foymuQVSKrlPh78GEf1bkTJn5dVE-_QS1E,안녕 나는 성인,547,518,487,False,False,False,True
GRANDMASTER,88RLnSTX3DtAbK5huH4vrG_bm0dbtMYt9_RXL_MaGIczsWw,버기해적단 버기,438,161,131,True,False,False,False
GRANDMASTER,cgn48N2jXt4irnVXY8tq_Ds_7p6bb1xvksM2q9yzEyvH5a8,2005 07 06,627,713,659,False,False,False,True
GRANDMASTER,MU450KGOEoaqwkwrpIfoYYZijwVHBuJvVi6BH-DzXKgUHsf5L1G4DxFOTg,xfwerxs,679,955,897,True,False,False,False
GRANDMASTER,XzI8oC0ncfUShOXG0Pe_HwbygrfyvutfWRrMpa4qNy_8Q4GO6u1rK_L0zQ,shui men,589,723,680,True,False,False,True
GRANDMASTER,c0Xaj-AhQx2N-sjbdoC7C6Ce6A59H7dsWFDwMKFkr6f3O6s,wannabe rookie,608,261,219,False,False,True,False
GRANDMASTER,289h4o5r1Nv-89bK_qYzMbZ2-ZcH-ILhVk-hUleqOFmtHdU,누워서침뱉,570,1120,1080,True,False,False,True
GRANDMASTER,kV1Jkq-PyZM03Zt97fOipEkhqA7TrSa9By9akXyE6z6Yg94,챌 봇 감,628,351,306,True,False,False,True
GRANDMASTER,UnVhBDyhvz8IAadPg3t3XOKKaiEZmGCW2f_nPspm9BEv29o,Iiiiiiiilllli,455,290,246,False,False,True,True
GRANDMASTER,-T7qzrqJbG3CXIztPyNN4sVI-nxHnBR8JCkBklHiFzEo18g,OHwiN,425,423,384,False,False,False,False
GRANDMASTER,cVUzzQ8xjKVTlTRRwDqgIRWrJ4syHMsUBlkGN8aOQ3aX3Kw,euroeuroeuro1,570,419,387,True,False,False,False
GRANDMASTER,OH3Ao1Zfz5dmm_2DuYyfgy0shYsnJYzmGAAzeB2LP_N8fQ,멘탈하난좋아 ,426,144,109,False,False,True,False
GRANDMASTER,-N1UZd5GUBBuWyDwpS5kL2gsZ5An-cFWNX6b2srcpRz9WPY,cxybaby,563,247,180,True,False,False,False
GRANDMASTER,4rQkLfGBzeM_41gCCBJ4sU3R87983-qimPj0AoTE21KO3cI,파워업키트,604,471,432,False,False,True,True
GRANDMASTER,e2RKA4c2Kt_xqzHGC92Ftvm9T5Yk6EkFzW-rOuEwvs1xbg,DWG Bubbling,694,458,403,False,False,True,False
GRANDMASTER,a1lW3an6P8jT0e2SHeoM_YG4Elt8_CYn_Yyr086Ugzbn-uhGN4-doAj5KQ,Tarooo,443,228,183,False,False,True,False
GRANDMASTER,MaGL5kaOloESl0U6VyHGvH9u67nn5IvAVMbFSrt-hZYw_6M,1998zhg,650,260,198,True,False,False,False
GRANDMASTER,Jyx0UpML9HqEuMXE4TH2AsfNqaGTf7Dr0lxMWUv05VGtX94Cpzovrmnsbw,shuangmaweiyujie,611,293,243,False,False,False,False
GRANDMASTER,5OeE1-IraBaQ1HK78DNNuRzwThGiglzRdKb4caMvLy_5jgyfCpS9wWuksQ,godyaos,572,254,174,False,False,True,True
GRANDMASTER,jfQKRz887nzvIHD6ZH_IQomiMGi_BBvnBw9UTaHKrnDEZ8Q,정현심,521,755,722,True,False,False,False
GRANDMASTER,Ebj3kGtWf6gDaXi418umWIPrHdNBfupprP2ZXf5cbi_rM4k,TwitchTV석빵빈,563,243,203,False,False,False,False
GRANDMASTER,3Mcn6oYN5Ns55zvSQav0fgd4Gs8gGbwt9IWKZokYnd4dYRM,JeonghoonExecute,493,349,309,False,False,False,False
GRANDMASTER,ijfM78T_dI2D5aWQa_p8rsNa3AWmgpg4jpH7DDW_ASO3sJw,Mocha,722,621,572,True,False,False,False
GRANDMASTER,9WlGKplbT4IEf26szVC2XpZyAcyYuZ8qeiOT4f6qmY7Bqq0,One Last K1ss,526,286,258,False,False,False,False
GRANDMASTER,I9Q2QVmRq1yIgoifQDJO5PL4iYVjymvzBTRXgFIc22N0GPc,태기베어,646,275,226,False,False,False,False
GRANDMASTER,_hgO3Zhtq6oPG5Z2MLO5j2vJcIbKuZrSXtluZclws5jRY6Y,백색말처럼,434,903,875,False,False,True,False
GRANDMASTER,fgnGOcqT3FepcuuLeeGMu1tkiVng_sS7_fdJ8GKwXi9YIA-NQ6R8u4Ycrw,sibaaaaaaaaaaa,645,1122,1033,True,False,False,False
GRANDMASTER,Tk9__Gbpqw0v5T8za3RpBFQnwbOaTx1pCPhvq32Kc6Q1HvI5,BMX1234,549,1775,1718,True,False,False,False
GRANDMASTER,t4yzNBXkL3_yZYt-vdvz7fr3aoL_la1NST8k-xTQ6AmXQ0E,어서이겨라,633,563,497,False,False,False,False
GRANDMASTER,h8-ttq-67OBJqCes7ispYNNvV6XDe-1m2GD5YwfpZlWmdlM,BAA Lucia,485,628,542,False,False,False,False
GRANDMASTER,xglVF8d2wKJcvowQ6FeF_LtWbgrzxf2Y06ln4JnneN1tv5mgLDPgHLYb0w,zhlwozuiwo,565,396,352,False,False,False,False
GRANDMASTER,6YJFmmZDfrzV_wZdJwLF4oYe75i11aIZlIO4MpHIbUyrWRI,걍형욱,532,232,198,False,False,False,False
GRANDMASTER,krffawelPOiMf83PKaATUsiGHxt5UfKPIZ6Pah_cf2XPZ3r4-Cxc5VoeaA,Spongebbob,696,526,464,True,False,False,False
GRANDMASTER,qq31zbMoqabpB6sn5J59jyeNRz2fdH1aYqmYqcCAH3KjHFbXRr-rjHou7g,Raindrops Flower,495,283,226,False,False,True,False
GRANDMASTER,XHltD7YgAoMtmRPzLGynAx5o1-PTuB2QYjPbj8hh7UM3_og,맛난거먹는사람,420,154,117,False,False,False,True
GRANDMASTER,vPnCjNJzODGqoS20pZaOMVf_CR_PYpEHFIKWlhyjQR0mAvo,고라파덕 키울래,673,869,818,False,False,True,False
GRANDMASTER,SBXVfhzcTBZNG_j39hlXgcmpO_epOmk6NJUTz0MfbVZwE7M,11baby,631,417,378,False,False,False,False
GRANDMASTER,km214l7efsUbkKV6qqLVG41f_ilhTC0hP7mou-ElCQejD5k,돌이킬 수 있는,571,574,542,False,False,False,False
GRANDMASTER,zHVMK9luiWkE23HRU5keVJqqBI7SH-IKWFM_9XalKlKbrVZsJHv0F3Y6rQ,DK Mint,557,190,131,False,False,False,True
GRANDMASTER,uLnfFtjrPAAnf7pJfcxgB3jtHvuFZq7yK4IZ53tdi62P04E,fat sheep,530,212,181,False,False,True,False
GRANDMASTER,aCjRMuTE1rYB-wI-zlBTalTQvZ51BoCjyTuOcPjryCeZSdo,heize fans,493,350,301,True,False,False,False
GRANDMASTER,O7K9GOjs-51_jN7pZZzPLSl84xyFFe9UvWpVP14LYAPAAgY,dkkkkkkkkkkkk,415,346,313,False,False,True,True
GRANDMASTER,5jBy7gNRpM_qSa844dUTtf91q99EK6A2iMmQu2Z71H110n0,DangerousBoy ady,502,1331,1299,False,False,False,False
GRANDMASTER,P9Uxz1tS4atg8lm7dU0YlaaM7sfRIm_QBHCxTa_9w2--piI,틀니압수수색반,654,353,311,True,False,False,False
GRANDMASTER,gHqJi8QEKJKbgfgpqOlV-c5nKanf9CjDJtD9I8846AD2CRY,치쯔스틱,621,479,395,True,False,False,False
GRANDMASTER,HSMvKGDyQoh24HKi2yImFt5Vz6Q_3xZijFU98--L1NpsP17pgsee6w2MUw,abczxd,558,525,435,False,False,False,False
GRANDMASTER,BiCN--4IGHzllD2QejoNIZssnlVrB-P5bewiz74WVs0GcwZ3P4QaNr6UKw,meibuff,470,359,309,False,False,True,True
GRANDMASTER,HRfbP0adXLhqx9NQK2mZuwfjbowmgzlQez1eVklCb9DF8YOgiNL0VRoseQ,sao ma do duoc,661,1060,995,False,False,False,False
